claim_id,artifact_section,claim_text,source_path,source_locator,evidence_scope,allowed_wording,prohibited_wording
C01,보고서_1,기존 자료는 12개 run과 1822개 행이다,data/analysis/report_evidence_no_new_wet/summary.json,raw_run_count; raw_row_count,기존 자료 인벤토리,기존 12 run을 재분석함,새 실험으로 12회를 독립 검증함
C02,보고서_2,session-14~16의 지시약은 연구 수행자 사후 확인상 BTB이나 독립 검증된 정정은 아니다,docs/report_evidence_no_new_wet/participant_indicator_correction_record.md,대상 run·사후 확인일·검증 상태,상충 기록의 출처와 확인 수준을 추적,원본은 보존하고 BTB는 미독립검증 정정으로만 표시,BTB가 동시기 1차 기록으로 확정됨
C03,보고서_3,색상·열화상·융합 개발 MAPE는 각각 1.55%·3.66%·1.52%이다,data/analysis/report_evidence_no_new_wet/reproduced_modality_metrics.csv,all modality rows,같은 12 run에서 선택된 사후 개발 비교,고정 seed retrospective/post-hoc development 결과,독립 검증 결과 또는 열화상 우수성
C04,보고서_3,선택된 융합 방법은 seed와 estimator 수에 민감하다,data/ml/report_modality_sensor_features_only/fusion_tree_stability_probe.json,rows; by_multiplier,모델 재선택용이 아닌 안정성 점검,seed 42에서 1.52%; 다른 고정 seed에서 8.52%와 8.14%,1.52%가 seed와 무관하게 재현됨
C05,보고서_3,세 고정 seed 확률 평균 점검의 융합 MAPE는 7.94%이다,data/ml/report_modality_sensor_features_only/modality_seed_ensemble_probe.json,groups.color_thermal_fusion.metrics.mape_percent,고정 seed ensemble 안정성 점검,seed ensemble 점검값 7.94%,독립 검증 결과 7.94%
C06,보고서_4,주 짝지은 추정량은 색상 APE - 융합 APE이고 평균은 0.0275599 pp이다,data/analysis/report_evidence_no_new_wet/summary.json,paired_color_vs_fusion.primary_estimand; mean_ape_improvement_percentage_points,유일한 주 짝지은 추정량,평균 APE 개선량 0.0275599 pp,주 추정량이 mL 절대오차 차이임
C07,보고서_4,"적정 종류 층화 100000회 run-level bootstrap 95% 구간은 [-1.204831, 1.147784] pp이다",data/analysis/report_evidence_no_new_wet/summary.json,paired_color_vs_fusion.bootstrap_*; stratified_bootstrap_95_ci_*_percentage_points,선택된 사후 모델에 조건부인 주 불확실성,구간이 0을 건너뛰어 융합 우수성을 확립하지 못함,bootstrap이 모델 선택 낙관성을 제거함
C08,보고서_4,정확 양측 부호 뒤집기 p값은 0.978027이고 정확 양측 부호 검정 p값은 0.774414이다,data/analysis/report_evidence_no_new_wet/summary.json,exact_sign_flip_two_sided_p_value; exact_sign_test_two_sided_p_value,주 짝지은 APE 비교의 정확 검정,두 정확 검정 모두 융합 우수성을 지지하지 않음,융합의 유의한 우수성이 확인됨
C09,보고서_4,융합은 7/12 run에서 개선되고 5/12 run에서 악화되었다,data/analysis/report_evidence_no_new_wet/color_vs_fusion_paired_errors.csv,fusion_better column,run별 APE 및 절대오차 방향,7/12 improved and 5/12 worsened,보편적 융합 이득
C10,보고서_4,"부차 평균 mL 개선량은 0.0715095이고 층화 95% 구간은 [-0.322663, 0.438838] mL이다",data/analysis/report_evidence_no_new_wet/summary.json,mean_improvement_ml; stratified_bootstrap_95_ci_*_ml,부차 부피 단위 추정량,부차 구간도 0을 건너뜀,mL 개선량을 주 추정량으로 제시
C11,보고서_5,주 operational contrast는 baseline 0.05<=V/Veq<=0.20과 endpoint 0.95<=V/Veq<=1.05를 사용한다,data/analysis/report_evidence_no_new_wet/summary.json,thermal_contrast_method.baseline_volume_interval; primary_endpoint_interval,사전 고정 주 운영 구간,operational endpoint-to-baseline contrast-to-noise,기기 S/N 측정
C12,보고서_5,신호는 부호를 보존한 중앙값 차이이고 잡음은 1.4826*MAD이다,data/analysis/report_evidence_no_new_wet/summary.json,thermal_contrast_method.signal; noise; ratio,주 operational contrast 산식,median(endpoint)-median(baseline); noise=1.4826*MAD,기존 열 신호 정의를 재사용
C13,보고서_5,모든 이용 가능한 ROI 요약값이 0인 내부 무효 행 11개를 제외했다,data/analysis/report_evidence_no_new_wet/thermal_contrast_by_run.csv,invalid_all_zero_thermal_rows sum,내부 무효 레코드 제외,all-zero ROI summary rows 11개 제외,0이 포함된 모든 열화상 행을 제외
C14,표_6;그림_2,주 operational contrast의 run별 값과 그림은 새 고정 규칙을 사용한다,data/analysis/report_evidence_no_new_wet/thermal_contrast_by_run.csv,all rows,12 run의 운영 대비도 기술 통계,기기 성능이 아닌 운영 대비도,이 값이 열화상 카메라의 계측 S/N임
C15,그림_2,run별 operational contrast 그림은 주 고정 규칙의 12 run을 표시한다,data/analysis/report_evidence_no_new_wet/thermal_contrast_by_run.png,entire figure,새 operational contrast 시각화,run별 운영 대비도,열화상 우수성 그림
C16,표_7,고정 폭 ±0.5·±1.0·±2.0 mL는 민감도 분석이다,data/analysis/report_evidence_no_new_wet/thermal_contrast_window_sensitivity.csv,window_name; status; contrast_to_noise_ratio,종말점 창 민감도,주 normalized window와 고정 폭 창을 분리,고정 폭 창을 사후 최적 선택
C17,표_8,반응 유형별 요약은 유형당 3 run의 탐색적 기술 통계이다,data/analysis/report_evidence_no_new_wet/reaction_type_summary.csv,all rows,n=3/type 기술 요약,유형별 검정을 수행하지 않음,특정 유형의 조건부 열화상 이득을 확립
C18,보고서_6;그림_3,주 대비도와 APE 개선량의 Spearman rho는 -0.223776이고 비보정 순열 p값은 0.485015이다,data/analysis/report_evidence_no_new_wet/summary.json,thermal_contrast_vs_fusion_improvement.primary_*,탐색적 비보정 관계,operational contrast가 융합 개선량을 예측한다는 근거가 아님,대비도가 클수록 융합이 개선됨
C19,그림_3,operational contrast와 융합 APE 개선량의 산점도는 탐색적 관계를 표시한다,data/analysis/report_evidence_no_new_wet/thermal_contrast_vs_fusion_improvement.png,entire figure,탐색적 비보정 시각화,예측 관계를 지지하지 않음,유의한 예측 관계
C20,그림_1,짝지은 절대오차 그림은 7 run 개선과 5 run 악화를 표시한다,data/analysis/report_evidence_no_new_wet/paired_endpoint_errors.png,entire figure,부차적 절대오차 시각화,주 추정량은 APE 차이임을 캡션에 명시,그림의 mL 차이를 주 추론으로 사용
C21,보고서_7,수동 적정 12건의 재계산 결과는 MAE 0.642 mL RMSE 0.750 mL MAPE 2.00%이다,data/report/manual_titration_results.csv,all rows; reference_equivalence_ml and manual_endpoint_ml,수동 종말점 기술 통계,수동 적정 표를 항목별로 재계산,융합 모델을 독립 검증한 비교군
C22,보고서_8,0.962 mL/s는 이론 유량이고 0.99 mL/s는 실험 설정 유량으로 구분한다,[화학]서면컨설팅 보고서(4차)_1245_자격루에서 착안한 비접촉 스마트 자동 적정 장치.pdf,1~2쪽 유량 보정 의견,컨설팅 지적을 반영한 용어 정정,두 값의 차이는 약 2.9%,이론 대비 실측 유량 오차 2.9%
C23,보고서_9,종말점 근처 펄스 제어는 정지 상태 기준색 보정과 완료 응답 확인을 포함한 software-only dry-tested 상태이다,tools/windows_live_collect.py,EndpointPulseRuntime; baseline-before-pump CSV start; LiveCsvBuffer command tracking,Windows 실시간 모델·시리얼·CSV를 연결한 소프트웨어 상태기계,기준색 확보 뒤 연속 주입하고 완료가 확인된 5스텝 펄스와 대기를 반복하도록 구현,실제 적정에서 정밀도가 향상됨
C24,보고서_9,펄스 상태 전환·수락/완료 응답·중복 재시도 차단과 펌웨어 컴파일을 점검했다,tests/test_pulse_control.py; tests/test_windows_live_collect.py; tests/test_arduino_firmware.py,PulseControllerTests; serial acknowledgement tests; baseline-before-pump tests; firmware contract and Arduino compile,소프트웨어 검증,상태 전환·STEP 수락/완료·실패시 정지·기록·펌웨어 상한을 점검,실제 펌프 폐루프 검증 완료
C26,보고서_9,0.99 mL/s 설정과 100 step/s를 적용한 5스텝 펄스는 명목상 0.0495 mL이다,auto_titrator/arduino_stepper/arduino_stepper.ino; tools/windows_live_collect.py,performStep 5000+5000 microseconds; ARDUINO_FULL_STEPS_PER_SECOND; ENDPOINT_PULSE_DEFAULT_STEPS,명목·모의 계산,명목상 0.0099 mL/step 및 0.0495 mL/5 steps,실측 한 방울 또는 실제 펄스 토출량
C25,반영요약,컨설팅은 정밀도·재현성·유량·펄스 제어·열화상 기여도·추가 데이터를 지적했다,[화학]서면컨설팅 보고서(4차)_1245_자격루에서 착안한 비접촉 스마트 자동 적정 장치.pdf,1~2쪽 컨설팅 내용,자문 의견,기존 자료로 반영한 항목과 새 습식 실험이 필요한 항목을 구분,모든 지적을 새 실험으로 해결함
C27,보고서_8~9,새 5스텝 펄스와 초기·중간·말기 주사기 위치별 직접 물 측정값은 현재 없다,docs/AUTO_STOP_VALIDATION.md,근거 유형과 현재 상태; 주사기 위치별 물 보정 절차,측정값 부재와 후속 측정 계획,실제 방울·토출량·정밀도·overshoot는 미검증,5스텝 토출 정밀도와 위치별 재현성을 확보함
C28,보고서_8,초기·중간·말기 물 보정에서는 평균·표본 표준편차·CV·선형성·overshoot를 기록한다,docs/AUTO_STOP_VALIDATION.md,계산 정의; 위치별 요약·선형성·overshoot 기록표,결과가 비어 있는 후속 검증 프로토콜,측정 후 사전 기준에 따라 기술 통계를 보고,빈 기록표를 완료된 보정 결과로 인용
C29,보고서_3-1,적정 종류 조건부 센서 후보 모델의 개발 자료 결과는 MAE 0.078 mL RMSE 0.091 mL MAPE 0.30%이다,data/ml/type_conditioned_sensor_sequence_search/summary.json,per_seed_metrics; stratified_metrics; split; configuration_search,평가 run을 모델 학습에서 제외했지만 총 2030370개 설정을 같은 12 run에서 선택한 개발 결과,12회 개발 자료에서 MAPE 0.30%; 12/12회 1% 이내,새 시료 독립 검증 MAPE 0.30%
C30,보고서_3-1,모델은 적정 종류만 사전 조건으로 사용하고 현재 주입량·이론 당량점·시간·진행률·미지 시료 농도·지시약은 추론 특징에서 제외한다,data/ml/type_conditioned_sensor_sequence_search/summary.json,known_context_inputs; forbidden_model_inputs; titrant_context_audit; leakage_audit,센서 시계열 후보 판별 입력 계약,적정 종류 조건부 센서 시계열 모델,주입량이나 이론값을 모델 입력으로 사용
C31,보고서_9,기존 12개 CSV 중 10개가 endpoint 양성 행을 포함했고 0.4초 지속 및 가상 STEP5 정책으로 정지한 자료는 1개였다,data/analysis/report_evidence_no_new_wet/pulse_replay_simulation.json,summary; runs[].policies,기존 라벨의 반사실적 오프라인 재생,현재 라벨 지속성의 제한적 점검이며 실제 습식 자동정지 성능이 아님,실제 자동정지 성공률 또는 펄스 제어 정확도
