position,trial,commanded_steps,pulse_count,pulse_steps,measured_volume_ml,notes
early,1,500,100,5,,100 x STEP 5 aggregate water measurement
early,2,500,100,5,,100 x STEP 5 aggregate water measurement
early,3,500,100,5,,100 x STEP 5 aggregate water measurement
early,4,500,100,5,,100 x STEP 5 aggregate water measurement
early,5,500,100,5,,100 x STEP 5 aggregate water measurement
early,6,500,100,5,,100 x STEP 5 aggregate water measurement
early,7,500,100,5,,100 x STEP 5 aggregate water measurement
early,8,500,100,5,,100 x STEP 5 aggregate water measurement
early,9,500,100,5,,100 x STEP 5 aggregate water measurement
early,10,500,100,5,,100 x STEP 5 aggregate water measurement
early,1,1000,100,10,,100 x STEP 10 aggregate water measurement
early,2,1000,100,10,,100 x STEP 10 aggregate water measurement
early,3,1000,100,10,,100 x STEP 10 aggregate water measurement
early,4,1000,100,10,,100 x STEP 10 aggregate water measurement
early,5,1000,100,10,,100 x STEP 10 aggregate water measurement
early,6,1000,100,10,,100 x STEP 10 aggregate water measurement
early,7,1000,100,10,,100 x STEP 10 aggregate water measurement
early,8,1000,100,10,,100 x STEP 10 aggregate water measurement
early,9,1000,100,10,,100 x STEP 10 aggregate water measurement
early,10,1000,100,10,,100 x STEP 10 aggregate water measurement
early,1,2000,100,20,,100 x STEP 20 aggregate water measurement
early,2,2000,100,20,,100 x STEP 20 aggregate water measurement
early,3,2000,100,20,,100 x STEP 20 aggregate water measurement
early,4,2000,100,20,,100 x STEP 20 aggregate water measurement
early,5,2000,100,20,,100 x STEP 20 aggregate water measurement
early,6,2000,100,20,,100 x STEP 20 aggregate water measurement
early,7,2000,100,20,,100 x STEP 20 aggregate water measurement
early,8,2000,100,20,,100 x STEP 20 aggregate water measurement
early,9,2000,100,20,,100 x STEP 20 aggregate water measurement
early,10,2000,100,20,,100 x STEP 20 aggregate water measurement
early,1,5000,100,50,,100 x STEP 50 aggregate water measurement
early,2,5000,100,50,,100 x STEP 50 aggregate water measurement
early,3,5000,100,50,,100 x STEP 50 aggregate water measurement
early,4,5000,100,50,,100 x STEP 50 aggregate water measurement
early,5,5000,100,50,,100 x STEP 50 aggregate water measurement
early,6,5000,100,50,,100 x STEP 50 aggregate water measurement
early,7,5000,100,50,,100 x STEP 50 aggregate water measurement
early,8,5000,100,50,,100 x STEP 50 aggregate water measurement
early,9,5000,100,50,,100 x STEP 50 aggregate water measurement
early,10,5000,100,50,,100 x STEP 50 aggregate water measurement
middle,1,500,100,5,,100 x STEP 5 aggregate water measurement
middle,2,500,100,5,,100 x STEP 5 aggregate water measurement
middle,3,500,100,5,,100 x STEP 5 aggregate water measurement
middle,4,500,100,5,,100 x STEP 5 aggregate water measurement
middle,5,500,100,5,,100 x STEP 5 aggregate water measurement
middle,6,500,100,5,,100 x STEP 5 aggregate water measurement
middle,7,500,100,5,,100 x STEP 5 aggregate water measurement
middle,8,500,100,5,,100 x STEP 5 aggregate water measurement
middle,9,500,100,5,,100 x STEP 5 aggregate water measurement
middle,10,500,100,5,,100 x STEP 5 aggregate water measurement
middle,1,1000,100,10,,100 x STEP 10 aggregate water measurement
middle,2,1000,100,10,,100 x STEP 10 aggregate water measurement
middle,3,1000,100,10,,100 x STEP 10 aggregate water measurement
middle,4,1000,100,10,,100 x STEP 10 aggregate water measurement
middle,5,1000,100,10,,100 x STEP 10 aggregate water measurement
middle,6,1000,100,10,,100 x STEP 10 aggregate water measurement
middle,7,1000,100,10,,100 x STEP 10 aggregate water measurement
middle,8,1000,100,10,,100 x STEP 10 aggregate water measurement
middle,9,1000,100,10,,100 x STEP 10 aggregate water measurement
middle,10,1000,100,10,,100 x STEP 10 aggregate water measurement
middle,1,2000,100,20,,100 x STEP 20 aggregate water measurement
middle,2,2000,100,20,,100 x STEP 20 aggregate water measurement
middle,3,2000,100,20,,100 x STEP 20 aggregate water measurement
middle,4,2000,100,20,,100 x STEP 20 aggregate water measurement
middle,5,2000,100,20,,100 x STEP 20 aggregate water measurement
middle,6,2000,100,20,,100 x STEP 20 aggregate water measurement
middle,7,2000,100,20,,100 x STEP 20 aggregate water measurement
middle,8,2000,100,20,,100 x STEP 20 aggregate water measurement
middle,9,2000,100,20,,100 x STEP 20 aggregate water measurement
middle,10,2000,100,20,,100 x STEP 20 aggregate water measurement
middle,1,5000,100,50,,100 x STEP 50 aggregate water measurement
middle,2,5000,100,50,,100 x STEP 50 aggregate water measurement
middle,3,5000,100,50,,100 x STEP 50 aggregate water measurement
middle,4,5000,100,50,,100 x STEP 50 aggregate water measurement
middle,5,5000,100,50,,100 x STEP 50 aggregate water measurement
middle,6,5000,100,50,,100 x STEP 50 aggregate water measurement
middle,7,5000,100,50,,100 x STEP 50 aggregate water measurement
middle,8,5000,100,50,,100 x STEP 50 aggregate water measurement
middle,9,5000,100,50,,100 x STEP 50 aggregate water measurement
middle,10,5000,100,50,,100 x STEP 50 aggregate water measurement
late,1,500,100,5,,100 x STEP 5 aggregate water measurement
late,2,500,100,5,,100 x STEP 5 aggregate water measurement
late,3,500,100,5,,100 x STEP 5 aggregate water measurement
late,4,500,100,5,,100 x STEP 5 aggregate water measurement
late,5,500,100,5,,100 x STEP 5 aggregate water measurement
late,6,500,100,5,,100 x STEP 5 aggregate water measurement
late,7,500,100,5,,100 x STEP 5 aggregate water measurement
late,8,500,100,5,,100 x STEP 5 aggregate water measurement
late,9,500,100,5,,100 x STEP 5 aggregate water measurement
late,10,500,100,5,,100 x STEP 5 aggregate water measurement
late,1,1000,100,10,,100 x STEP 10 aggregate water measurement
late,2,1000,100,10,,100 x STEP 10 aggregate water measurement
late,3,1000,100,10,,100 x STEP 10 aggregate water measurement
late,4,1000,100,10,,100 x STEP 10 aggregate water measurement
late,5,1000,100,10,,100 x STEP 10 aggregate water measurement
late,6,1000,100,10,,100 x STEP 10 aggregate water measurement
late,7,1000,100,10,,100 x STEP 10 aggregate water measurement
late,8,1000,100,10,,100 x STEP 10 aggregate water measurement
late,9,1000,100,10,,100 x STEP 10 aggregate water measurement
late,10,1000,100,10,,100 x STEP 10 aggregate water measurement
late,1,2000,100,20,,100 x STEP 20 aggregate water measurement
late,2,2000,100,20,,100 x STEP 20 aggregate water measurement
late,3,2000,100,20,,100 x STEP 20 aggregate water measurement
late,4,2000,100,20,,100 x STEP 20 aggregate water measurement
late,5,2000,100,20,,100 x STEP 20 aggregate water measurement
late,6,2000,100,20,,100 x STEP 20 aggregate water measurement
late,7,2000,100,20,,100 x STEP 20 aggregate water measurement
late,8,2000,100,20,,100 x STEP 20 aggregate water measurement
late,9,2000,100,20,,100 x STEP 20 aggregate water measurement
late,10,2000,100,20,,100 x STEP 20 aggregate water measurement
late,1,5000,100,50,,100 x STEP 50 aggregate water measurement
late,2,5000,100,50,,100 x STEP 50 aggregate water measurement
late,3,5000,100,50,,100 x STEP 50 aggregate water measurement
late,4,5000,100,50,,100 x STEP 50 aggregate water measurement
late,5,5000,100,50,,100 x STEP 50 aggregate water measurement
late,6,5000,100,50,,100 x STEP 50 aggregate water measurement
late,7,5000,100,50,,100 x STEP 50 aggregate water measurement
late,8,5000,100,50,,100 x STEP 50 aggregate water measurement
late,9,5000,100,50,,100 x STEP 50 aggregate water measurement
late,10,5000,100,50,,100 x STEP 50 aggregate water measurement
