run_name,titration_type,actual_ml,predicted_ml,signed_error_ml,absolute_error_ml,ape_percent,selected_frame_audit_only,global_fit_paths,type_fit_paths
auto-titration-live-20260601-201548-session-4.csv,strong_acid_strong_base,40.0,39.957241,-0.04275899999999666,0.04275899999999666,0.10689749999999165,185,"[""/home/jio/code/auto_titration/머신러닝용 파일모음/auto-titration-live-20260601-202035-session-5.csv"", ""/home/jio/code/auto_titration/머신러닝용 파일모음/auto-titration-live-20260601-202744-session-6.csv"", ""/home/jio/code/auto_titration/머신러닝용 파일모음/auto-titration-live-20260601-203711-session-7.csv"", ""/home/jio/code/auto_titration/머신러닝용 파일모음/auto-titration-live-20260601-204506-session-8.csv"", ""/home/jio/code/auto_titration/머신러닝용 파일모음/auto-titration-live-20260601-205048-session-9.csv"", ""/home/jio/code/auto_titration/머신러닝용 파일모음/auto-titration-live-20260601-213431-session-11.csv"", ""/home/jio/code/auto_titration/머신러닝용 파일모음/auto-titration-live-20260601-213925-session-12.csv"", ""/home/jio/code/auto_titration/머신러닝용 파일모음/auto-titration-live-20260601-214538-session-13.csv"", ""/home/jio/code/auto_titration/머신러닝용 파일모음/auto-titration-live-20260601-215437-session-14.csv"", ""/home/jio/code/auto_titration/머신러닝용 파일모음/auto-titration-live-20260601-220325-session-15.csv"", ""/home/jio/code/auto_titration/머신러닝용 파일모음/auto-titration-live-20260601-220652-session-16.csv""]",[]
auto-titration-live-20260601-202035-session-5.csv,strong_acid_strong_base,20.0,20.059955,0.05995499999999865,0.05995499999999865,0.29977499999999324,91,"[""/home/jio/code/auto_titration/머신러닝용 파일모음/auto-titration-live-20260601-201548-session-4.csv"", ""/home/jio/code/auto_titration/머신러닝용 파일모음/auto-titration-live-20260601-202744-session-6.csv"", ""/home/jio/code/auto_titration/머신러닝용 파일모음/auto-titration-live-20260601-203711-session-7.csv"", ""/home/jio/code/auto_titration/머신러닝용 파일모음/auto-titration-live-20260601-204506-session-8.csv"", ""/home/jio/code/auto_titration/머신러닝용 파일모음/auto-titration-live-20260601-205048-session-9.csv"", ""/home/jio/code/auto_titration/머신러닝용 파일모음/auto-titration-live-20260601-213431-session-11.csv"", ""/home/jio/code/auto_titration/머신러닝용 파일모음/auto-titration-live-20260601-213925-session-12.csv"", ""/home/jio/code/auto_titration/머신러닝용 파일모음/auto-titration-live-20260601-214538-session-13.csv"", ""/home/jio/code/auto_titration/머신러닝용 파일모음/auto-titration-live-20260601-215437-session-14.csv"", ""/home/jio/code/auto_titration/머신러닝용 파일모음/auto-titration-live-20260601-220325-session-15.csv"", ""/home/jio/code/auto_titration/머신러닝용 파일모음/auto-titration-live-20260601-220652-session-16.csv""]",[]
auto-titration-live-20260601-202744-session-6.csv,strong_acid_strong_base,30.0,29.898264,-0.10173599999999894,0.10173599999999894,0.3391199999999964,131,"[""/home/jio/code/auto_titration/머신러닝용 파일모음/auto-titration-live-20260601-201548-session-4.csv"", ""/home/jio/code/auto_titration/머신러닝용 파일모음/auto-titration-live-20260601-202035-session-5.csv"", ""/home/jio/code/auto_titration/머신러닝용 파일모음/auto-titration-live-20260601-203711-session-7.csv"", ""/home/jio/code/auto_titration/머신러닝용 파일모음/auto-titration-live-20260601-204506-session-8.csv"", ""/home/jio/code/auto_titration/머신러닝용 파일모음/auto-titration-live-20260601-205048-session-9.csv"", ""/home/jio/code/auto_titration/머신러닝용 파일모음/auto-titration-live-20260601-213431-session-11.csv"", ""/home/jio/code/auto_titration/머신러닝용 파일모음/auto-titration-live-20260601-213925-session-12.csv"", ""/home/jio/code/auto_titration/머신러닝용 파일모음/auto-titration-live-20260601-214538-session-13.csv"", ""/home/jio/code/auto_titration/머신러닝용 파일모음/auto-titration-live-20260601-215437-session-14.csv"", ""/home/jio/code/auto_titration/머신러닝용 파일모음/auto-titration-live-20260601-220325-session-15.csv"", ""/home/jio/code/auto_titration/머신러닝용 파일모음/auto-titration-live-20260601-220652-session-16.csv""]",[]
auto-titration-live-20260601-203711-session-7.csv,weak_acid_strong_base,20.0,20.007436,0.007435999999998444,0.007435999999998444,0.03717999999999222,84,"[""/home/jio/code/auto_titration/머신러닝용 파일모음/auto-titration-live-20260601-201548-session-4.csv"", ""/home/jio/code/auto_titration/머신러닝용 파일모음/auto-titration-live-20260601-202035-session-5.csv"", ""/home/jio/code/auto_titration/머신러닝용 파일모음/auto-titration-live-20260601-202744-session-6.csv"", ""/home/jio/code/auto_titration/머신러닝용 파일모음/auto-titration-live-20260601-204506-session-8.csv"", ""/home/jio/code/auto_titration/머신러닝용 파일모음/auto-titration-live-20260601-205048-session-9.csv"", ""/home/jio/code/auto_titration/머신러닝용 파일모음/auto-titration-live-20260601-213431-session-11.csv"", ""/home/jio/code/auto_titration/머신러닝용 파일모음/auto-titration-live-20260601-213925-session-12.csv"", ""/home/jio/code/auto_titration/머신러닝용 파일모음/auto-titration-live-20260601-214538-session-13.csv"", ""/home/jio/code/auto_titration/머신러닝용 파일모음/auto-titration-live-20260601-215437-session-14.csv"", ""/home/jio/code/auto_titration/머신러닝용 파일모음/auto-titration-live-20260601-220325-session-15.csv"", ""/home/jio/code/auto_titration/머신러닝용 파일모음/auto-titration-live-20260601-220652-session-16.csv""]","[""/home/jio/code/auto_titration/머신러닝용 파일모음/auto-titration-live-20260601-204506-session-8.csv"", ""/home/jio/code/auto_titration/머신러닝용 파일모음/auto-titration-live-20260601-205048-session-9.csv""]"
auto-titration-live-20260601-204506-session-8.csv,weak_acid_strong_base,30.0,30.12116,0.12115999999999971,0.12115999999999971,0.40386666666666576,120,"[""/home/jio/code/auto_titration/머신러닝용 파일모음/auto-titration-live-20260601-201548-session-4.csv"", ""/home/jio/code/auto_titration/머신러닝용 파일모음/auto-titration-live-20260601-202035-session-5.csv"", ""/home/jio/code/auto_titration/머신러닝용 파일모음/auto-titration-live-20260601-202744-session-6.csv"", ""/home/jio/code/auto_titration/머신러닝용 파일모음/auto-titration-live-20260601-203711-session-7.csv"", ""/home/jio/code/auto_titration/머신러닝용 파일모음/auto-titration-live-20260601-205048-session-9.csv"", ""/home/jio/code/auto_titration/머신러닝용 파일모음/auto-titration-live-20260601-213431-session-11.csv"", ""/home/jio/code/auto_titration/머신러닝용 파일모음/auto-titration-live-20260601-213925-session-12.csv"", ""/home/jio/code/auto_titration/머신러닝용 파일모음/auto-titration-live-20260601-214538-session-13.csv"", ""/home/jio/code/auto_titration/머신러닝용 파일모음/auto-titration-live-20260601-215437-session-14.csv"", ""/home/jio/code/auto_titration/머신러닝용 파일모음/auto-titration-live-20260601-220325-session-15.csv"", ""/home/jio/code/auto_titration/머신러닝용 파일모음/auto-titration-live-20260601-220652-session-16.csv""]","[""/home/jio/code/auto_titration/머신러닝용 파일모음/auto-titration-live-20260601-203711-session-7.csv"", ""/home/jio/code/auto_titration/머신러닝용 파일모음/auto-titration-live-20260601-205048-session-9.csv""]"
auto-titration-live-20260601-205048-session-9.csv,weak_acid_strong_base,40.0,40.018888,0.018887999999996907,0.018887999999996907,0.04721999999999227,157,"[""/home/jio/code/auto_titration/머신러닝용 파일모음/auto-titration-live-20260601-201548-session-4.csv"", ""/home/jio/code/auto_titration/머신러닝용 파일모음/auto-titration-live-20260601-202035-session-5.csv"", ""/home/jio/code/auto_titration/머신러닝용 파일모음/auto-titration-live-20260601-202744-session-6.csv"", ""/home/jio/code/auto_titration/머신러닝용 파일모음/auto-titration-live-20260601-203711-session-7.csv"", ""/home/jio/code/auto_titration/머신러닝용 파일모음/auto-titration-live-20260601-204506-session-8.csv"", ""/home/jio/code/auto_titration/머신러닝용 파일모음/auto-titration-live-20260601-213431-session-11.csv"", ""/home/jio/code/auto_titration/머신러닝용 파일모음/auto-titration-live-20260601-213925-session-12.csv"", ""/home/jio/code/auto_titration/머신러닝용 파일모음/auto-titration-live-20260601-214538-session-13.csv"", ""/home/jio/code/auto_titration/머신러닝용 파일모음/auto-titration-live-20260601-215437-session-14.csv"", ""/home/jio/code/auto_titration/머신러닝용 파일모음/auto-titration-live-20260601-220325-session-15.csv"", ""/home/jio/code/auto_titration/머신러닝용 파일모음/auto-titration-live-20260601-220652-session-16.csv""]","[""/home/jio/code/auto_titration/머신러닝용 파일모음/auto-titration-live-20260601-203711-session-7.csv"", ""/home/jio/code/auto_titration/머신러닝용 파일모음/auto-titration-live-20260601-204506-session-8.csv""]"
auto-titration-live-20260601-213431-session-11.csv,strong_acid_weak_base,20.0,20.114089,0.11408899999999988,0.11408899999999988,0.5704449999999994,69,"[""/home/jio/code/auto_titration/머신러닝용 파일모음/auto-titration-live-20260601-201548-session-4.csv"", ""/home/jio/code/auto_titration/머신러닝용 파일모음/auto-titration-live-20260601-202035-session-5.csv"", ""/home/jio/code/auto_titration/머신러닝용 파일모음/auto-titration-live-20260601-202744-session-6.csv"", ""/home/jio/code/auto_titration/머신러닝용 파일모음/auto-titration-live-20260601-203711-session-7.csv"", ""/home/jio/code/auto_titration/머신러닝용 파일모음/auto-titration-live-20260601-204506-session-8.csv"", ""/home/jio/code/auto_titration/머신러닝용 파일모음/auto-titration-live-20260601-205048-session-9.csv"", ""/home/jio/code/auto_titration/머신러닝용 파일모음/auto-titration-live-20260601-213925-session-12.csv"", ""/home/jio/code/auto_titration/머신러닝용 파일모음/auto-titration-live-20260601-214538-session-13.csv"", ""/home/jio/code/auto_titration/머신러닝용 파일모음/auto-titration-live-20260601-215437-session-14.csv"", ""/home/jio/code/auto_titration/머신러닝용 파일모음/auto-titration-live-20260601-220325-session-15.csv"", ""/home/jio/code/auto_titration/머신러닝용 파일모음/auto-titration-live-20260601-220652-session-16.csv""]",[]
auto-titration-live-20260601-213925-session-12.csv,strong_acid_weak_base,30.0,29.923952,-0.07604800000000012,0.07604800000000012,0.25349333333333374,101,"[""/home/jio/code/auto_titration/머신러닝용 파일모음/auto-titration-live-20260601-201548-session-4.csv"", ""/home/jio/code/auto_titration/머신러닝용 파일모음/auto-titration-live-20260601-202035-session-5.csv"", ""/home/jio/code/auto_titration/머신러닝용 파일모음/auto-titration-live-20260601-202744-session-6.csv"", ""/home/jio/code/auto_titration/머신러닝용 파일모음/auto-titration-live-20260601-203711-session-7.csv"", ""/home/jio/code/auto_titration/머신러닝용 파일모음/auto-titration-live-20260601-204506-session-8.csv"", ""/home/jio/code/auto_titration/머신러닝용 파일모음/auto-titration-live-20260601-205048-session-9.csv"", ""/home/jio/code/auto_titration/머신러닝용 파일모음/auto-titration-live-20260601-213431-session-11.csv"", ""/home/jio/code/auto_titration/머신러닝용 파일모음/auto-titration-live-20260601-214538-session-13.csv"", ""/home/jio/code/auto_titration/머신러닝용 파일모음/auto-titration-live-20260601-215437-session-14.csv"", ""/home/jio/code/auto_titration/머신러닝용 파일모음/auto-titration-live-20260601-220325-session-15.csv"", ""/home/jio/code/auto_titration/머신러닝용 파일모음/auto-titration-live-20260601-220652-session-16.csv""]",[]
auto-titration-live-20260601-214538-session-13.csv,strong_acid_weak_base,40.0,40.049244,0.04924400000000162,0.04924400000000162,0.12311000000000405,133,"[""/home/jio/code/auto_titration/머신러닝용 파일모음/auto-titration-live-20260601-201548-session-4.csv"", ""/home/jio/code/auto_titration/머신러닝용 파일모음/auto-titration-live-20260601-202035-session-5.csv"", ""/home/jio/code/auto_titration/머신러닝용 파일모음/auto-titration-live-20260601-202744-session-6.csv"", ""/home/jio/code/auto_titration/머신러닝용 파일모음/auto-titration-live-20260601-203711-session-7.csv"", ""/home/jio/code/auto_titration/머신러닝용 파일모음/auto-titration-live-20260601-204506-session-8.csv"", ""/home/jio/code/auto_titration/머신러닝용 파일모음/auto-titration-live-20260601-205048-session-9.csv"", ""/home/jio/code/auto_titration/머신러닝용 파일모음/auto-titration-live-20260601-213431-session-11.csv"", ""/home/jio/code/auto_titration/머신러닝용 파일모음/auto-titration-live-20260601-213925-session-12.csv"", ""/home/jio/code/auto_titration/머신러닝용 파일모음/auto-titration-live-20260601-215437-session-14.csv"", ""/home/jio/code/auto_titration/머신러닝용 파일모음/auto-titration-live-20260601-220325-session-15.csv"", ""/home/jio/code/auto_titration/머신러닝용 파일모음/auto-titration-live-20260601-220652-session-16.csv""]",[]
auto-titration-live-20260601-215437-session-14.csv,weak_acid_weak_base,20.0,20.156127,0.15612700000000146,0.15612700000000146,0.7806350000000073,64,"[""/home/jio/code/auto_titration/머신러닝용 파일모음/auto-titration-live-20260601-201548-session-4.csv"", ""/home/jio/code/auto_titration/머신러닝용 파일모음/auto-titration-live-20260601-202035-session-5.csv"", ""/home/jio/code/auto_titration/머신러닝용 파일모음/auto-titration-live-20260601-202744-session-6.csv"", ""/home/jio/code/auto_titration/머신러닝용 파일모음/auto-titration-live-20260601-203711-session-7.csv"", ""/home/jio/code/auto_titration/머신러닝용 파일모음/auto-titration-live-20260601-204506-session-8.csv"", ""/home/jio/code/auto_titration/머신러닝용 파일모음/auto-titration-live-20260601-205048-session-9.csv"", ""/home/jio/code/auto_titration/머신러닝용 파일모음/auto-titration-live-20260601-213431-session-11.csv"", ""/home/jio/code/auto_titration/머신러닝용 파일모음/auto-titration-live-20260601-213925-session-12.csv"", ""/home/jio/code/auto_titration/머신러닝용 파일모음/auto-titration-live-20260601-214538-session-13.csv"", ""/home/jio/code/auto_titration/머신러닝용 파일모음/auto-titration-live-20260601-220325-session-15.csv"", ""/home/jio/code/auto_titration/머신러닝용 파일모음/auto-titration-live-20260601-220652-session-16.csv""]",[]
auto-titration-live-20260601-220325-session-15.csv,weak_acid_weak_base,30.0,30.144703,0.1447029999999998,0.1447029999999998,0.4823433333333326,94,"[""/home/jio/code/auto_titration/머신러닝용 파일모음/auto-titration-live-20260601-201548-session-4.csv"", ""/home/jio/code/auto_titration/머신러닝용 파일모음/auto-titration-live-20260601-202035-session-5.csv"", ""/home/jio/code/auto_titration/머신러닝용 파일모음/auto-titration-live-20260601-202744-session-6.csv"", ""/home/jio/code/auto_titration/머신러닝용 파일모음/auto-titration-live-20260601-203711-session-7.csv"", ""/home/jio/code/auto_titration/머신러닝용 파일모음/auto-titration-live-20260601-204506-session-8.csv"", ""/home/jio/code/auto_titration/머신러닝용 파일모음/auto-titration-live-20260601-205048-session-9.csv"", ""/home/jio/code/auto_titration/머신러닝용 파일모음/auto-titration-live-20260601-213431-session-11.csv"", ""/home/jio/code/auto_titration/머신러닝용 파일모음/auto-titration-live-20260601-213925-session-12.csv"", ""/home/jio/code/auto_titration/머신러닝용 파일모음/auto-titration-live-20260601-214538-session-13.csv"", ""/home/jio/code/auto_titration/머신러닝용 파일모음/auto-titration-live-20260601-215437-session-14.csv"", ""/home/jio/code/auto_titration/머신러닝용 파일모음/auto-titration-live-20260601-220652-session-16.csv""]",[]
auto-titration-live-20260601-220652-session-16.csv,weak_acid_weak_base,40.0,40.038366,0.03836600000000345,0.03836600000000345,0.09591500000000863,125,"[""/home/jio/code/auto_titration/머신러닝용 파일모음/auto-titration-live-20260601-201548-session-4.csv"", ""/home/jio/code/auto_titration/머신러닝용 파일모음/auto-titration-live-20260601-202035-session-5.csv"", ""/home/jio/code/auto_titration/머신러닝용 파일모음/auto-titration-live-20260601-202744-session-6.csv"", ""/home/jio/code/auto_titration/머신러닝용 파일모음/auto-titration-live-20260601-203711-session-7.csv"", ""/home/jio/code/auto_titration/머신러닝용 파일모음/auto-titration-live-20260601-204506-session-8.csv"", ""/home/jio/code/auto_titration/머신러닝용 파일모음/auto-titration-live-20260601-205048-session-9.csv"", ""/home/jio/code/auto_titration/머신러닝용 파일모음/auto-titration-live-20260601-213431-session-11.csv"", ""/home/jio/code/auto_titration/머신러닝용 파일모음/auto-titration-live-20260601-213925-session-12.csv"", ""/home/jio/code/auto_titration/머신러닝용 파일모음/auto-titration-live-20260601-214538-session-13.csv"", ""/home/jio/code/auto_titration/머신러닝용 파일모음/auto-titration-live-20260601-215437-session-14.csv"", ""/home/jio/code/auto_titration/머신러닝용 파일모음/auto-titration-live-20260601-220325-session-15.csv""]",[]
