actual_equivalence_volume_ml,ape_percent,config_id,outer_test_excluded,predicted_equivalence_volume_ml,run_name,seed,selected_boundary_audit_only,titration_type
40.0,0.10689749999999165,2761c1ba1e158dd3,True,39.957241,auto-titration-live-20260601-201548-session-4.csv,42,185,strong_acid_strong_base
20.0,0.29977499999999324,2761c1ba1e158dd3,True,20.059955,auto-titration-live-20260601-202035-session-5.csv,42,91,strong_acid_strong_base
30.0,0.3391199999999964,2761c1ba1e158dd3,True,29.898264,auto-titration-live-20260601-202744-session-6.csv,42,131,strong_acid_strong_base
20.0,0.03717999999999222,53614e5d70098d63,True,20.007436,auto-titration-live-20260601-203711-session-7.csv,42,84,weak_acid_strong_base
30.0,1.181359999999998,53614e5d70098d63,True,30.354408,auto-titration-live-20260601-204506-session-8.csv,42,121,weak_acid_strong_base
40.0,0.04721999999999227,53614e5d70098d63,True,40.018888,auto-titration-live-20260601-205048-session-9.csv,42,157,weak_acid_strong_base
20.0,0.5704449999999994,125328077230ea01,True,20.114089,auto-titration-live-20260601-213431-session-11.csv,42,69,strong_acid_weak_base
30.0,0.25349333333333374,125328077230ea01,True,29.923952,auto-titration-live-20260601-213925-session-12.csv,42,101,strong_acid_weak_base
40.0,0.12311000000000405,125328077230ea01,True,40.049244,auto-titration-live-20260601-214538-session-13.csv,42,133,strong_acid_weak_base
20.0,0.7806350000000073,02067b019afb7c79,True,20.156127,auto-titration-live-20260601-215437-session-14.csv,42,64,weak_acid_weak_base
30.0,0.4823433333333326,02067b019afb7c79,True,30.144703,auto-titration-live-20260601-220325-session-15.csv,42,94,weak_acid_weak_base
40.0,0.09591500000000863,02067b019afb7c79,True,40.038366,auto-titration-live-20260601-220652-session-16.csv,42,125,weak_acid_weak_base
40.0,0.10689749999999165,2761c1ba1e158dd3,True,39.957241,auto-titration-live-20260601-201548-session-4.csv,1729,185,strong_acid_strong_base
20.0,0.29977499999999324,2761c1ba1e158dd3,True,20.059955,auto-titration-live-20260601-202035-session-5.csv,1729,91,strong_acid_strong_base
30.0,0.3391199999999964,2761c1ba1e158dd3,True,29.898264,auto-titration-live-20260601-202744-session-6.csv,1729,131,strong_acid_strong_base
20.0,0.03717999999999222,53614e5d70098d63,True,20.007436,auto-titration-live-20260601-203711-session-7.csv,1729,84,weak_acid_strong_base
30.0,1.181359999999998,53614e5d70098d63,True,30.354408,auto-titration-live-20260601-204506-session-8.csv,1729,121,weak_acid_strong_base
40.0,0.04721999999999227,53614e5d70098d63,True,40.018888,auto-titration-live-20260601-205048-session-9.csv,1729,157,weak_acid_strong_base
20.0,0.5704449999999994,125328077230ea01,True,20.114089,auto-titration-live-20260601-213431-session-11.csv,1729,69,strong_acid_weak_base
30.0,0.25349333333333374,125328077230ea01,True,29.923952,auto-titration-live-20260601-213925-session-12.csv,1729,101,strong_acid_weak_base
40.0,0.12311000000000405,125328077230ea01,True,40.049244,auto-titration-live-20260601-214538-session-13.csv,1729,133,strong_acid_weak_base
20.0,0.7806350000000073,02067b019afb7c79,True,20.156127,auto-titration-live-20260601-215437-session-14.csv,1729,64,weak_acid_weak_base
30.0,0.4823433333333326,02067b019afb7c79,True,30.144703,auto-titration-live-20260601-220325-session-15.csv,1729,94,weak_acid_weak_base
40.0,0.09591500000000863,02067b019afb7c79,True,40.038366,auto-titration-live-20260601-220652-session-16.csv,1729,125,weak_acid_weak_base
40.0,0.10689749999999165,2761c1ba1e158dd3,True,39.957241,auto-titration-live-20260601-201548-session-4.csv,20260728,185,strong_acid_strong_base
20.0,0.29977499999999324,2761c1ba1e158dd3,True,20.059955,auto-titration-live-20260601-202035-session-5.csv,20260728,91,strong_acid_strong_base
30.0,0.3391199999999964,2761c1ba1e158dd3,True,29.898264,auto-titration-live-20260601-202744-session-6.csv,20260728,131,strong_acid_strong_base
20.0,0.03717999999999222,53614e5d70098d63,True,20.007436,auto-titration-live-20260601-203711-session-7.csv,20260728,84,weak_acid_strong_base
30.0,1.181359999999998,53614e5d70098d63,True,30.354408,auto-titration-live-20260601-204506-session-8.csv,20260728,121,weak_acid_strong_base
40.0,0.04721999999999227,53614e5d70098d63,True,40.018888,auto-titration-live-20260601-205048-session-9.csv,20260728,157,weak_acid_strong_base
20.0,0.5704449999999994,125328077230ea01,True,20.114089,auto-titration-live-20260601-213431-session-11.csv,20260728,69,strong_acid_weak_base
30.0,0.25349333333333374,125328077230ea01,True,29.923952,auto-titration-live-20260601-213925-session-12.csv,20260728,101,strong_acid_weak_base
40.0,0.12311000000000405,125328077230ea01,True,40.049244,auto-titration-live-20260601-214538-session-13.csv,20260728,133,strong_acid_weak_base
20.0,0.7806350000000073,02067b019afb7c79,True,20.156127,auto-titration-live-20260601-215437-session-14.csv,20260728,64,weak_acid_weak_base
30.0,0.4823433333333326,02067b019afb7c79,True,30.144703,auto-titration-live-20260601-220325-session-15.csv,20260728,94,weak_acid_weak_base
40.0,0.09591500000000863,02067b019afb7c79,True,40.038366,auto-titration-live-20260601-220652-session-16.csv,20260728,125,weak_acid_weak_base
