iter	MAE
0	7.408248966
1	7.176548932
2	6.980191517
3	6.862825446
4	6.713758458
5	6.541668005
6	6.358488701
7	6.210281379
8	6.042117621
9	5.792046732
10	5.703859472
11	5.577766866
12	5.442785062
13	5.300784937
14	5.104435107
15	5.002256384
16	4.847265769
17	4.740254037
18	4.587763565
19	4.530422901
20	4.461288682
21	4.393720336
22	4.296692499
23	4.234713146
24	4.059957786
25	3.943868844
26	3.741212186
27	3.663984656
28	3.639479922
29	3.523163754
30	3.438193903
31	3.299142702
32	3.231409619
33	3.096209657
34	3.0541373
35	3.020973475
36	2.950433885
37	2.901457558
38	2.873530035
39	2.810016407
40	2.792094423
41	2.780010636
42	2.679940354
43	2.659748481
44	2.594002089
45	2.542237211
46	2.494068953
47	2.454777218
48	2.43895569
49	2.401588192
50	2.359759334
51	2.325996878
52	2.304021174
53	2.281490465
54	2.227051707
55	2.214232932
56	2.192162347
57	2.179863963
58	2.138718406
59	2.114882769
