path,group,bytes,status
docs/report_assets/auto_stop_state_machine.png,report_assets,193736,current_or_alternate
docs/report_assets/development_relative_deviation.png,report_assets,125619,old_1.27_narrative_review
docs/report_assets/endpoint_method_comparison.png,report_assets,137291,old_1.27_narrative_review
docs/report_assets/experiment_matrix.png,report_assets,99858,current_or_alternate
docs/report_assets/ml_pipeline.png,report_assets,172727,old_1.27_narrative_review
docs/report_assets/modality_overall_comparison.png,report_assets,100526,current_or_alternate
docs/report_assets/modality_typewise_comparison.png,report_assets,89326,current_or_alternate
docs/report_assets/nominal_vs_development.png,report_assets,119556,old_1.27_narrative_review
docs/report_assets/repeatability_three_runs.png,report_assets,102946,current_or_alternate
docs/report_assets/research_flow.png,report_assets,142925,current_or_alternate
docs/report_assets/riss_search_current.png,report_assets,253453,current_or_alternate
docs/report_assets/science_fair_db_search_current.png,report_assets,131117,current_or_alternate
docs/report_assets/syringe_pump_completed.jpg,report_assets,87901,current_or_alternate
docs/report_assets/system_data_flow.png,report_assets,159291,current_or_alternate
docs/report_assets/wet_titration_setup.jpg,report_assets,82220,current_or_alternate
docs/poster_assets/ml_01_model_comparison.png,poster_assets,157079,old_1.27_narrative_review
docs/poster_assets/ml_01_model_comparison.svg,poster_assets,82252,old_1.27_narrative_review
docs/poster_assets/ml_02_typewise_mape.png,poster_assets,121762,old_1.27_narrative_review
docs/poster_assets/ml_02_typewise_mape.svg,poster_assets,57636,old_1.27_narrative_review
docs/poster_assets/ml_03_actual_vs_predicted.png,poster_assets,124631,old_1.27_narrative_review
docs/poster_assets/ml_03_actual_vs_predicted.svg,poster_assets,47778,old_1.27_narrative_review
docs/poster_assets/ml_04_prediction_workflow.png,poster_assets,156502,old_1.27_narrative_review
docs/poster_assets/ml_04_prediction_workflow.svg,poster_assets,84988,old_1.27_narrative_review
docs/poster_assets/ml_05_method_family_comparison.png,poster_assets,139189,old_1.27_narrative_review
docs/poster_assets/ml_05_method_family_comparison.svg,poster_assets,74588,old_1.27_narrative_review
docs/poster_assets/ml_06_regression_algorithm_comparison.png,poster_assets,183334,old_1.27_narrative_review
docs/poster_assets/ml_06_regression_algorithm_comparison.svg,poster_assets,83841,old_1.27_narrative_review
docs/poster_assets/ml_07_run_error_by_condition.png,poster_assets,229381,old_1.27_narrative_review
docs/poster_assets/ml_07_run_error_by_condition.svg,poster_assets,84068,old_1.27_narrative_review
docs/poster_assets/ml_08_sensor_curves_by_type.png,poster_assets,700325,old_1.27_narrative_review
docs/poster_assets/ml_08_sensor_curves_by_type.svg,poster_assets,148086,old_1.27_narrative_review
docs/poster_assets/ml_09_selected_model_by_type.png,poster_assets,205763,old_1.27_narrative_review
docs/poster_assets/ml_09_selected_model_by_type.svg,poster_assets,79500,old_1.27_narrative_review
docs/poster_assets/ml_10_classifier_algorithm_comparison.png,poster_assets,78342,old_1.27_narrative_review
docs/poster_assets/ml_10_classifier_algorithm_comparison.svg,poster_assets,70238,old_1.27_narrative_review
docs/poster_visuals/01_all_runs_sensor_curves_grid.png,poster_visuals,1061099,raw_sensor_curve_candidate
docs/poster_visuals/01b_all_runs_hsv_channels_grid.png,poster_visuals,1373105,raw_sensor_curve_candidate
docs/poster_visuals/01c_all_runs_hue_thermal_grid.png,poster_visuals,1081029,raw_sensor_curve_candidate
docs/poster_visuals/02_type_mean_sensor_curves.png,poster_visuals,591540,raw_sensor_curve_candidate
docs/poster_visuals/03_prediction_actual_vs_predicted.png,poster_visuals,229626,review_before_final
docs/poster_visuals/04_typewise_mae_bar.png,poster_visuals,140259,review_before_final
docs/poster_visuals/05_model_algorithm_comparison.png,poster_visuals,134256,review_before_final
docs/poster_visuals/05b_model_algorithm_comparison_zoom.png,poster_visuals,95634,review_before_final
docs/poster_visuals/06_run_signed_error_bars.png,poster_visuals,135508,review_before_final
docs/poster_visuals/07_dataset_summary.png,poster_visuals,172678,review_before_final
docs/poster_visuals/08_feature_importance_top10.png,poster_visuals,201809,review_before_final
docs/poster_visuals/09_feature_set_mae_heatmap.png,poster_visuals,139879,review_before_final
docs/poster_visuals/10_concentration_error_heatmap.png,poster_visuals,137721,review_before_final
docs/poster_visuals/11_actual_vs_predicted_grouped_bars.png,poster_visuals,151409,review_before_final
docs/poster_visuals/12_success_rate_summary.png,poster_visuals,91555,review_before_final
docs/poster_visuals/13_sensor_ablation_overall.png,poster_visuals,96234,review_before_final
docs/poster_visuals/14_model_zoo_top_headline_mae.svg,poster_visuals,3228,review_before_final
docs/poster_visuals/15_model_zoo_typewise_best_mae.svg,poster_visuals,1792,review_before_final
docs/poster_visuals/16_candidate_availability_diagnostic.svg,poster_visuals,1170,review_before_final
docs/poster_visuals/17_posthoc_typewise_model_selection_mae.svg,poster_visuals,2328,review_before_final
docs/poster_visuals/18_protocol_calibrated_mape_under_5.svg,poster_visuals,1448,review_before_final
docs/poster_visuals/19_injection_ablation_mape.svg,poster_visuals,1748,review_before_final
docs/poster_visuals/run_curves/session_11_strong_acid_weak_base_0.1M.png,poster_visuals,286642,raw_sensor_curve_candidate
docs/poster_visuals/run_curves/session_12_strong_acid_weak_base_0.15M.png,poster_visuals,324222,raw_sensor_curve_candidate
docs/poster_visuals/run_curves/session_13_strong_acid_weak_base_0.2M.png,poster_visuals,310452,raw_sensor_curve_candidate
docs/poster_visuals/run_curves/session_14_weak_acid_weak_base_0.1M.png,poster_visuals,286410,raw_sensor_curve_candidate
docs/poster_visuals/run_curves/session_15_weak_acid_weak_base_0.15M.png,poster_visuals,281267,raw_sensor_curve_candidate
docs/poster_visuals/run_curves/session_16_weak_acid_weak_base_0.2M.png,poster_visuals,330703,raw_sensor_curve_candidate
docs/poster_visuals/run_curves/session_4_strong_acid_strong_base_0.2M.png,poster_visuals,310002,raw_sensor_curve_candidate
docs/poster_visuals/run_curves/session_5_strong_acid_strong_base_0.1M.png,poster_visuals,282918,raw_sensor_curve_candidate
docs/poster_visuals/run_curves/session_6_strong_acid_strong_base_0.15M.png,poster_visuals,298392,raw_sensor_curve_candidate
docs/poster_visuals/run_curves/session_7_weak_acid_strong_base_0.1M.png,poster_visuals,306355,raw_sensor_curve_candidate
docs/poster_visuals/run_curves/session_8_weak_acid_strong_base_0.15M.png,poster_visuals,314444,raw_sensor_curve_candidate
docs/poster_visuals/run_curves/session_9_weak_acid_strong_base_0.2M.png,poster_visuals,310719,raw_sensor_curve_candidate
