docx_media,organized_file,provenance,docx_figure,status,description,note
image1.png,01_system_experiment/01_system_overview_three_views.png,직접 촬영 사진 합성,그림 1·2·17,본문 핵심,실제 적정 장치의 주입·일반 촬영·열화상 촬영을 한 장에 정리,DOCX에서 세 번 재사용됨. 본문에서는 한 번만 크게 사용하고 이후에는 참조 권장
image2.png,02_hardware_design/02_syringe_pump_parts_overview.png,부품 이미지 합성,그림 5,교체 권장,시린지 펌프 제작 부품 목록,제품 사진 출처가 불명확할 수 있어 직접 촬영한 부품 사진이나 단순 아이콘 도식으로 교체 권장
image3.png,02_hardware_design/03_pump_3d_models_overview.png,직접 제작 3D 모델 합성,그림 6,본문 핵심,푸셔 블록·모터 홀더/가이드·주사기 고정대 3D 모델,세부 모델 그림 4~6을 묶는 대표 설계 그림
image4.png,02_hardware_design/04_pusher_block_3d_model.png,직접 제작 3D 모델,그림 7,부록/세부,푸셔 블록 3D 모델,그림 3과 일부 중복. 제작 과정 설명에서만 사용
image5.png,02_hardware_design/05_motor_holder_rail_3d_model.png,직접 제작 3D 모델,그림 8,부록/세부,스텝모터 홀더와 가이드 레일 3D 모델,그림 3과 일부 중복. 제작 과정 설명에서만 사용
image6.png,02_hardware_design/06_syringe_holder_3d_model.png,직접 제작 3D 모델,그림 9,부록/세부,주사기 고정대 3D 모델,세로로 좁은 이미지. 본문에서는 그림 3에 통합 가능
image7.png,02_hardware_design/07_arduino_a4988_stepper_circuit.png,직접 제작 회로도,그림 10,본문 핵심,Arduino Uno·A4988·스텝모터 회로,배선과 전원 연결 설명에 사용
image8.png,01_system_experiment/08_completed_syringe_pump.png,직접 촬영 사진,그림 11,본문 핵심,조립 완료한 100 mL 시린지 펌프,프로젝트 원본 docs/report_assets/syringe_pump_completed.jpg와 동일 장면의 고해상도 PNG
image9.png,03_software_ui/09_windows_dashboard_full.png,직접 개발 화면 캡처,그림 13,본문 선택,Windows 통합 앱 전체 화면,얼굴이 포함되어 있으므로 공개 보고서 사용 전 초상 노출 확인 또는 카메라 영역 크롭 권장
image10.png,03_software_ui/10_windows_android_comparison.png,직접 개발 화면 합성,그림 15·30,본문 핵심,Windows·Android 일반/열화상 화면 비교,DOCX에서 두 번 재사용됨. 한 번만 사용하고 다른 위치에서는 참조. 얼굴 노출 확인 권장
image11.png,01_system_experiment/11_four_reagent_solutions.png,직접 촬영 사진 합성,그림 16,본문 핵심,염산·아세트산·수산화나트륨·암모니아수 용액,시약 제조와 실험 조건 설명에 사용
image12.png,01_system_experiment/12_phenolphthalein_titration_setup.png,직접 촬영 사진,그림 18,본문 핵심,페놀프탈레인 적정 실험 장치,프로젝트 원본 docs/report_assets/wet_titration_setup.jpg와 동일 장면
image13.png,01_system_experiment/13_btb_color_change_setup.png,직접 촬영 사진,그림 19,부록/탐색,BTB 색 변화 확인 실험,최종 12회 실험의 핵심 지시약 표와 혼동될 수 있어 탐색 실험 또는 부록으로 명시
image14.png,04_results_charts/14_manual_reference_vs_endpoint.png,직접 생성 데이터 그래프,그림 20,본문 핵심,수동 적정 기준 당량점과 관찰 종말점 비교,수동 적정 12회 결과
image15.png,04_results_charts/15_manual_signed_error.png,직접 생성 데이터 그래프,그림 21,본문 핵심,수동 적정 조건별 부호 오차,오차 방향과 편향 확인
image16.png,04_results_charts/16_manual_vs_smart_mae_rmse.png,직접 생성 데이터 그래프,그림 22,본문 핵심,수동 적정과 스마트 적정기의 MAE·RMSE 비교,수동 1.22%와 ML 융합 1.52% 해석 문단에 사용
image17.png,04_results_charts/17_endpoint_method_mape.png,직접 생성 데이터 그래프,그림 23·25,본문 핵심,비ML 두 방식과 ML 세 입력군의 MAPE 비교,DOCX에서 같은 그림을 두 번 사용함. 최종 보고서에서는 한 번만 배치
image18.png,04_results_charts/18_fusion_actual_vs_predicted.png,직접 생성 데이터 그래프,그림 26,본문 핵심,이론 당량점과 색상·열화상 융합 모델 추정값 비교,최종 센서 융합 모델 MAPE 1.52% 결과
image19.png,04_results_charts/19_ml_modality_overall.png,직접 생성 데이터 그래프,그림 27,본문 핵심,색상·열화상·융합 모델 전체 성능,현재 주입량을 제외한 세 모델 비교
image20.png,04_results_charts/20_fusion_mape_by_titration_type.png,직접 생성 데이터 그래프,그림 28,본문 핵심,적정 종류별 융합 모델 MAPE,약산-강염기 성능 저하를 보여주는 핵심 결과
image21.png,04_results_charts/21_repeatability_three_runs.png,직접 생성 데이터 그래프,그림 29,본문 핵심,동일 용액 3회 반복 측정 환산 농도,"평균 0.0855 M, 변동계수 3.85%"
image22.png,05_prior_research/22_prior_work_search_composite.png,직접 캡처 화면 합성,그림 31,본문 선택,과학전람회 DB와 RISS 유사작품 검색,원본 캡처 두 장을 별도로 보관. 검색일과 URL/검색어를 본문에 함께 기록 권장
