source_file,titration_type,titration_type_ko,sample_concentration_M,injected_volume_ml,visible_H_mean,thermal_signal,thermal_signal_kind,thermal_unit
auto-titration-live-20260601-202744-session-6.csv,strong_acid_strong_base,강산-강염기,0.15,0.0,87.500599,22.290301,thermal_roi_avg_celsius,°C
auto-titration-live-20260601-202744-session-6.csv,strong_acid_strong_base,강산-강염기,0.15,0.186371,91.500433,22.325692,thermal_roi_avg_celsius,°C
auto-titration-live-20260601-202744-session-6.csv,strong_acid_strong_base,강산-강염기,0.15,0.390191,91.240397,22.273047,thermal_roi_avg_celsius,°C
auto-titration-live-20260601-202744-session-6.csv,strong_acid_strong_base,강산-강염기,0.15,0.586467,93.860279,22.214896,thermal_roi_avg_celsius,°C
auto-titration-live-20260601-202744-session-6.csv,strong_acid_strong_base,강산-강염기,0.15,0.923708,98.64693,22.276537,thermal_roi_avg_celsius,°C
auto-titration-live-20260601-202744-session-6.csv,strong_acid_strong_base,강산-강염기,0.15,1.101103,95.357597,22.275293,thermal_roi_avg_celsius,°C
auto-titration-live-20260601-202744-session-6.csv,strong_acid_strong_base,강산-강염기,0.15,1.314991,99.317857,22.245573,thermal_roi_avg_celsius,°C
auto-titration-live-20260601-202744-session-6.csv,strong_acid_strong_base,강산-강염기,0.15,1.533582,96.721097,22.218772,thermal_roi_avg_celsius,°C
auto-titration-live-20260601-202744-session-6.csv,strong_acid_strong_base,강산-강염기,0.15,1.722766,98.550605,22.225566,thermal_roi_avg_celsius,°C
auto-titration-live-20260601-202744-session-6.csv,strong_acid_strong_base,강산-강염기,0.15,1.929116,94.891463,22.29247,thermal_roi_avg_celsius,°C
auto-titration-live-20260601-202744-session-6.csv,strong_acid_strong_base,강산-강염기,0.15,2.254084,95.164536,22.2757,thermal_roi_avg_celsius,°C
auto-titration-live-20260601-202744-session-6.csv,strong_acid_strong_base,강산-강염기,0.15,2.469543,95.149021,22.235961,thermal_roi_avg_celsius,°C
auto-titration-live-20260601-202744-session-6.csv,strong_acid_strong_base,강산-강염기,0.15,2.676966,89.384822,22.228803,thermal_roi_avg_celsius,°C
auto-titration-live-20260601-202744-session-6.csv,strong_acid_strong_base,강산-강염기,0.15,2.869924,90.407592,22.214654,thermal_roi_avg_celsius,°C
auto-titration-live-20260601-202744-session-6.csv,strong_acid_strong_base,강산-강염기,0.15,3.217096,93.137868,22.216272,thermal_roi_avg_celsius,°C
auto-titration-live-20260601-202744-session-6.csv,strong_acid_strong_base,강산-강염기,0.15,3.410953,94.737362,22.289431,thermal_roi_avg_celsius,°C
auto-titration-live-20260601-202744-session-6.csv,strong_acid_strong_base,강산-강염기,0.15,3.619278,90.912118,22.316398,thermal_roi_avg_celsius,°C
auto-titration-live-20260601-202744-session-6.csv,strong_acid_strong_base,강산-강염기,0.15,3.812463,71.10238,22.296104,thermal_roi_avg_celsius,°C
auto-titration-live-20260601-202744-session-6.csv,strong_acid_strong_base,강산-강염기,0.15,4.00763,72.138165,22.316574,thermal_roi_avg_celsius,°C
auto-titration-live-20260601-202744-session-6.csv,strong_acid_strong_base,강산-강염기,0.15,4.224356,63.076686,22.349905,thermal_roi_avg_celsius,°C
auto-titration-live-20260601-202744-session-6.csv,strong_acid_strong_base,강산-강염기,0.15,4.567044,62.456937,22.346371,thermal_roi_avg_celsius,°C
auto-titration-live-20260601-202744-session-6.csv,strong_acid_strong_base,강산-강염기,0.15,4.744713,62.130024,22.345214,thermal_roi_avg_celsius,°C
auto-titration-live-20260601-202744-session-6.csv,strong_acid_strong_base,강산-강염기,0.15,4.940223,61.145845,22.285456,thermal_roi_avg_celsius,°C
auto-titration-live-20260601-202744-session-6.csv,strong_acid_strong_base,강산-강염기,0.15,5.141287,59.665217,22.213663,thermal_roi_avg_celsius,°C
auto-titration-live-20260601-202744-session-6.csv,strong_acid_strong_base,강산-강염기,0.15,5.509503,56.710783,22.170333,thermal_roi_avg_celsius,°C
auto-titration-live-20260601-202744-session-6.csv,strong_acid_strong_base,강산-강염기,0.15,5.702792,52.536941,22.179407,thermal_roi_avg_celsius,°C
auto-titration-live-20260601-202744-session-6.csv,strong_acid_strong_base,강산-강염기,0.15,5.898903,48.826451,22.150656,thermal_roi_avg_celsius,°C
auto-titration-live-20260601-202744-session-6.csv,strong_acid_strong_base,강산-강염기,0.15,6.10262,50.292688,22.158067,thermal_roi_avg_celsius,°C
auto-titration-live-20260601-202744-session-6.csv,strong_acid_strong_base,강산-강염기,0.15,6.292754,49.702853,22.150414,thermal_roi_avg_celsius,°C
auto-titration-live-20260601-202744-session-6.csv,strong_acid_strong_base,강산-강염기,0.15,6.501118,49.541152,22.119153,thermal_roi_avg_celsius,°C
auto-titration-live-20260601-202744-session-6.csv,strong_acid_strong_base,강산-강염기,0.15,6.827843,51.293652,22.111038,thermal_roi_avg_celsius,°C
auto-titration-live-20260601-202744-session-6.csv,strong_acid_strong_base,강산-강염기,0.15,7.03231,55.790203,22.056455,thermal_roi_avg_celsius,°C
auto-titration-live-20260601-202744-session-6.csv,strong_acid_strong_base,강산-강염기,0.15,7.22998,51.938188,22.180838,thermal_roi_avg_celsius,°C
auto-titration-live-20260601-202744-session-6.csv,strong_acid_strong_base,강산-강염기,0.15,7.44343,53.240846,22.317477,thermal_roi_avg_celsius,°C
auto-titration-live-20260601-202744-session-6.csv,strong_acid_strong_base,강산-강염기,0.15,7.76817,47.576447,22.31065,thermal_roi_avg_celsius,°C
auto-titration-live-20260601-202744-session-6.csv,strong_acid_strong_base,강산-강염기,0.15,7.980491,53.052183,22.324414,thermal_roi_avg_celsius,°C
auto-titration-live-20260601-202744-session-6.csv,strong_acid_strong_base,강산-강염기,0.15,8.19204,51.523556,22.377698,thermal_roi_avg_celsius,°C
auto-titration-live-20260601-202744-session-6.csv,strong_acid_strong_base,강산-강염기,0.15,8.389574,69.09291,22.390416,thermal_roi_avg_celsius,°C
auto-titration-live-20260601-202744-session-6.csv,strong_acid_strong_base,강산-강염기,0.15,8.596988,73.827855,22.304109,thermal_roi_avg_celsius,°C
auto-titration-live-20260601-202744-session-6.csv,strong_acid_strong_base,강산-강염기,0.15,8.779604,74.593612,22.284223,thermal_roi_avg_celsius,°C
auto-titration-live-20260601-202744-session-6.csv,strong_acid_strong_base,강산-강염기,0.15,9.107463,77.689164,22.299077,thermal_roi_avg_celsius,°C
auto-titration-live-20260601-202744-session-6.csv,strong_acid_strong_base,강산-강염기,0.15,9.330623,75.770317,22.535258,thermal_roi_avg_celsius,°C
auto-titration-live-20260601-202744-session-6.csv,strong_acid_strong_base,강산-강염기,0.15,9.510493,73.140334,22.49586,thermal_roi_avg_celsius,°C
auto-titration-live-20260601-202744-session-6.csv,strong_acid_strong_base,강산-강염기,0.15,9.701861,73.524809,22.509591,thermal_roi_avg_celsius,°C
auto-titration-live-20260601-202744-session-6.csv,strong_acid_strong_base,강산-강염기,0.15,10.041258,78.552713,22.563634,thermal_roi_avg_celsius,°C
auto-titration-live-20260601-202744-session-6.csv,strong_acid_strong_base,강산-강염기,0.15,10.257227,78.785463,22.622445,thermal_roi_avg_celsius,°C
auto-titration-live-20260601-202744-session-6.csv,strong_acid_strong_base,강산-강염기,0.15,10.453957,78.08505,22.632322,thermal_roi_avg_celsius,°C
auto-titration-live-20260601-202744-session-6.csv,strong_acid_strong_base,강산-강염기,0.15,10.657945,79.920687,22.667526,thermal_roi_avg_celsius,°C
auto-titration-live-20260601-202744-session-6.csv,strong_acid_strong_base,강산-강염기,0.15,10.849028,82.677929,22.680288,thermal_roi_avg_celsius,°C
auto-titration-live-20260601-202744-session-6.csv,strong_acid_strong_base,강산-강염기,0.15,11.057348,73.72743,22.692818,thermal_roi_avg_celsius,°C
auto-titration-live-20260601-202744-session-6.csv,strong_acid_strong_base,강산-강염기,0.15,11.399173,79.273588,22.644281,thermal_roi_avg_celsius,°C
auto-titration-live-20260601-202744-session-6.csv,strong_acid_strong_base,강산-강염기,0.15,11.600262,73.823324,22.59331,thermal_roi_avg_celsius,°C
auto-titration-live-20260601-202744-session-6.csv,strong_acid_strong_base,강산-강염기,0.15,11.796636,76.845068,22.581076,thermal_roi_avg_celsius,°C
auto-titration-live-20260601-202744-session-6.csv,strong_acid_strong_base,강산-강염기,0.15,11.99525,79.051684,22.631001,thermal_roi_avg_celsius,°C
auto-titration-live-20260601-202744-session-6.csv,strong_acid_strong_base,강산-강염기,0.15,12.373887,86.226805,22.572707,thermal_roi_avg_celsius,°C
auto-titration-live-20260601-202744-session-6.csv,strong_acid_strong_base,강산-강염기,0.15,12.571294,86.416632,22.600544,thermal_roi_avg_celsius,°C
auto-titration-live-20260601-202744-session-6.csv,strong_acid_strong_base,강산-강염기,0.15,12.760392,81.03345,22.601975,thermal_roi_avg_celsius,°C
auto-titration-live-20260601-202744-session-6.csv,strong_acid_strong_base,강산-강염기,0.15,12.958635,75.600956,22.581483,thermal_roi_avg_celsius,°C
auto-titration-live-20260601-202744-session-6.csv,strong_acid_strong_base,강산-강염기,0.15,13.150546,80.79743,22.613713,thermal_roi_avg_celsius,°C
auto-titration-live-20260601-202744-session-6.csv,strong_acid_strong_base,강산-강염기,0.15,13.342599,83.589618,22.634382,thermal_roi_avg_celsius,°C
auto-titration-live-20260601-202744-session-6.csv,strong_acid_strong_base,강산-강염기,0.15,13.669255,85.51318,22.625462,thermal_roi_avg_celsius,°C
auto-titration-live-20260601-202744-session-6.csv,strong_acid_strong_base,강산-강염기,0.15,13.870635,88.219521,22.811817,thermal_roi_avg_celsius,°C
auto-titration-live-20260601-202744-session-6.csv,strong_acid_strong_base,강산-강염기,0.15,14.073614,89.946683,22.875738,thermal_roi_avg_celsius,°C
auto-titration-live-20260601-202744-session-6.csv,strong_acid_strong_base,강산-강염기,0.15,14.277194,95.690193,22.923042,thermal_roi_avg_celsius,°C
auto-titration-live-20260601-202744-session-6.csv,strong_acid_strong_base,강산-강염기,0.15,14.62693,92.728393,22.854431,thermal_roi_avg_celsius,°C
auto-titration-live-20260601-202744-session-6.csv,strong_acid_strong_base,강산-강염기,0.15,14.818741,87.639565,22.788506,thermal_roi_avg_celsius,°C
auto-titration-live-20260601-202744-session-6.csv,strong_acid_strong_base,강산-강염기,0.15,15.010279,90.529365,22.744571,thermal_roi_avg_celsius,°C
auto-titration-live-20260601-202744-session-6.csv,strong_acid_strong_base,강산-강염기,0.15,15.208683,90.274206,22.743591,thermal_roi_avg_celsius,°C
auto-titration-live-20260601-202744-session-6.csv,strong_acid_strong_base,강산-강염기,0.15,15.416317,96.905819,22.755418,thermal_roi_avg_celsius,°C
auto-titration-live-20260601-202744-session-6.csv,strong_acid_strong_base,강산-강염기,0.15,15.601115,94.729007,22.834115,thermal_roi_avg_celsius,°C
auto-titration-live-20260601-202744-session-6.csv,strong_acid_strong_base,강산-강염기,0.15,15.960826,95.844251,22.829953,thermal_roi_avg_celsius,°C
auto-titration-live-20260601-202744-session-6.csv,strong_acid_strong_base,강산-강염기,0.15,16.162849,94.841895,22.82165,thermal_roi_avg_celsius,°C
auto-titration-live-20260601-202744-session-6.csv,strong_acid_strong_base,강산-강염기,0.15,16.367201,90.403126,22.801797,thermal_roi_avg_celsius,°C
auto-titration-live-20260601-202744-session-6.csv,strong_acid_strong_base,강산-강염기,0.15,16.554636,95.472865,22.799518,thermal_roi_avg_celsius,°C
auto-titration-live-20260601-202744-session-6.csv,strong_acid_strong_base,강산-강염기,0.15,16.907754,89.362154,22.748943,thermal_roi_avg_celsius,°C
auto-titration-live-20260601-202744-session-6.csv,strong_acid_strong_base,강산-강염기,0.15,17.099204,95.032839,22.780843,thermal_roi_avg_celsius,°C
auto-titration-live-20260601-202744-session-6.csv,strong_acid_strong_base,강산-강염기,0.15,17.318941,99.470076,22.804627,thermal_roi_avg_celsius,°C
auto-titration-live-20260601-202744-session-6.csv,strong_acid_strong_base,강산-강염기,0.15,17.516714,92.789239,22.813634,thermal_roi_avg_celsius,°C
auto-titration-live-20260601-202744-session-6.csv,strong_acid_strong_base,강산-강염기,0.15,17.712197,109.803053,22.819063,thermal_roi_avg_celsius,°C
auto-titration-live-20260601-202744-session-6.csv,strong_acid_strong_base,강산-강염기,0.15,17.917565,102.709958,22.768158,thermal_roi_avg_celsius,°C
auto-titration-live-20260601-202744-session-6.csv,strong_acid_strong_base,강산-강염기,0.15,18.258978,115.590004,22.758104,thermal_roi_avg_celsius,°C
auto-titration-live-20260601-202744-session-6.csv,strong_acid_strong_base,강산-강염기,0.15,18.463216,116.208473,22.824844,thermal_roi_avg_celsius,°C
auto-titration-live-20260601-202744-session-6.csv,strong_acid_strong_base,강산-강염기,0.15,18.651667,123.515981,22.844796,thermal_roi_avg_celsius,°C
auto-titration-live-20260601-202744-session-6.csv,strong_acid_strong_base,강산-강염기,0.15,18.854642,124.472043,22.923053,thermal_roi_avg_celsius,°C
auto-titration-live-20260601-202744-session-6.csv,strong_acid_strong_base,강산-강염기,0.15,19.180367,146.160495,22.911117,thermal_roi_avg_celsius,°C
auto-titration-live-20260601-202744-session-6.csv,strong_acid_strong_base,강산-강염기,0.15,19.388355,154.59404,22.838399,thermal_roi_avg_celsius,°C
auto-titration-live-20260601-202744-session-6.csv,strong_acid_strong_base,강산-강염기,0.15,19.581773,158.399328,22.810804,thermal_roi_avg_celsius,°C
auto-titration-live-20260601-202744-session-6.csv,strong_acid_strong_base,강산-강염기,0.15,19.792872,163.190179,22.810584,thermal_roi_avg_celsius,°C
auto-titration-live-20260601-202744-session-6.csv,strong_acid_strong_base,강산-강염기,0.15,19.97973,163.820321,22.754526,thermal_roi_avg_celsius,°C
auto-titration-live-20260601-202744-session-6.csv,strong_acid_strong_base,강산-강염기,0.15,20.185502,163.775333,22.797437,thermal_roi_avg_celsius,°C
auto-titration-live-20260601-202744-session-6.csv,strong_acid_strong_base,강산-강염기,0.15,20.546642,165.886589,22.70906,thermal_roi_avg_celsius,°C
auto-titration-live-20260601-202744-session-6.csv,strong_acid_strong_base,강산-강염기,0.15,20.747378,166.534281,22.65418,thermal_roi_avg_celsius,°C
auto-titration-live-20260601-202744-session-6.csv,strong_acid_strong_base,강산-강염기,0.15,20.941648,170.166901,22.696408,thermal_roi_avg_celsius,°C
auto-titration-live-20260601-202744-session-6.csv,strong_acid_strong_base,강산-강염기,0.15,21.134622,167.146914,22.783309,thermal_roi_avg_celsius,°C
auto-titration-live-20260601-202744-session-6.csv,strong_acid_strong_base,강산-강염기,0.15,21.493434,171.893012,22.782604,thermal_roi_avg_celsius,°C
auto-titration-live-20260601-202744-session-6.csv,strong_acid_strong_base,강산-강염기,0.15,21.696206,175.956326,22.753072,thermal_roi_avg_celsius,°C
auto-titration-live-20260601-202744-session-6.csv,strong_acid_strong_base,강산-강염기,0.15,21.885948,174.686437,22.701308,thermal_roi_avg_celsius,°C
auto-titration-live-20260601-202744-session-6.csv,strong_acid_strong_base,강산-강염기,0.15,22.079192,176.302385,22.697179,thermal_roi_avg_celsius,°C
auto-titration-live-20260601-202744-session-6.csv,strong_acid_strong_base,강산-강염기,0.15,22.310541,179.950059,22.718188,thermal_roi_avg_celsius,°C
auto-titration-live-20260601-202744-session-6.csv,strong_acid_strong_base,강산-강염기,0.15,22.530251,178.039439,22.786458,thermal_roi_avg_celsius,°C
auto-titration-live-20260601-202744-session-6.csv,strong_acid_strong_base,강산-강염기,0.15,22.845409,180.581909,22.82785,thermal_roi_avg_celsius,°C
auto-titration-live-20260601-202744-session-6.csv,strong_acid_strong_base,강산-강염기,0.15,23.059765,180.607168,22.864143,thermal_roi_avg_celsius,°C
auto-titration-live-20260601-202744-session-6.csv,strong_acid_strong_base,강산-강염기,0.15,23.256704,180.995763,22.775888,thermal_roi_avg_celsius,°C
auto-titration-live-20260601-202744-session-6.csv,strong_acid_strong_base,강산-강염기,0.15,23.457289,183.144759,22.77504,thermal_roi_avg_celsius,°C
auto-titration-live-20260601-202744-session-6.csv,strong_acid_strong_base,강산-강염기,0.15,23.791764,181.206126,22.749956,thermal_roi_avg_celsius,°C
auto-titration-live-20260601-202744-session-6.csv,strong_acid_strong_base,강산-강염기,0.15,23.985847,182.855964,22.741675,thermal_roi_avg_celsius,°C
auto-titration-live-20260601-202744-session-6.csv,strong_acid_strong_base,강산-강염기,0.15,24.197761,185.634985,22.729761,thermal_roi_avg_celsius,°C
auto-titration-live-20260601-202744-session-6.csv,strong_acid_strong_base,강산-강염기,0.15,24.397367,185.038559,22.733329,thermal_roi_avg_celsius,°C
auto-titration-live-20260601-202744-session-6.csv,strong_acid_strong_base,강산-강염기,0.15,24.59317,186.476153,22.749427,thermal_roi_avg_celsius,°C
auto-titration-live-20260601-202744-session-6.csv,strong_acid_strong_base,강산-강염기,0.15,24.79207,188.722469,22.721161,thermal_roi_avg_celsius,°C
auto-titration-live-20260601-202744-session-6.csv,strong_acid_strong_base,강산-강염기,0.15,25.137487,188.976536,22.772067,thermal_roi_avg_celsius,°C
auto-titration-live-20260601-202744-session-6.csv,strong_acid_strong_base,강산-강염기,0.15,25.353292,191.141274,22.818699,thermal_roi_avg_celsius,°C
auto-titration-live-20260601-202744-session-6.csv,strong_acid_strong_base,강산-강염기,0.15,25.543727,192.380705,22.779081,thermal_roi_avg_celsius,°C
auto-titration-live-20260601-202744-session-6.csv,strong_acid_strong_base,강산-강염기,0.15,25.730218,192.078144,22.758303,thermal_roi_avg_celsius,°C
auto-titration-live-20260601-202744-session-6.csv,strong_acid_strong_base,강산-강염기,0.15,26.072048,193.274979,22.76274,thermal_roi_avg_celsius,°C
auto-titration-live-20260601-202744-session-6.csv,strong_acid_strong_base,강산-강염기,0.15,26.301325,195.452008,22.786469,thermal_roi_avg_celsius,°C
auto-titration-live-20260601-202744-session-6.csv,strong_acid_strong_base,강산-강염기,0.15,26.49834,198.289965,22.756618,thermal_roi_avg_celsius,°C
auto-titration-live-20260601-202744-session-6.csv,strong_acid_strong_base,강산-강염기,0.15,26.667082,194.66885,22.75991,thermal_roi_avg_celsius,°C
auto-titration-live-20260601-202744-session-6.csv,strong_acid_strong_base,강산-강염기,0.15,26.868963,197.273103,22.752103,thermal_roi_avg_celsius,°C
auto-titration-live-20260601-202744-session-6.csv,strong_acid_strong_base,강산-강염기,0.15,27.077378,199.167406,22.728979,thermal_roi_avg_celsius,°C
auto-titration-live-20260601-202744-session-6.csv,strong_acid_strong_base,강산-강염기,0.15,27.438918,192.763897,22.736489,thermal_roi_avg_celsius,°C
auto-titration-live-20260601-202744-session-6.csv,strong_acid_strong_base,강산-강염기,0.15,27.626048,192.393397,22.886716,thermal_roi_avg_celsius,°C
auto-titration-live-20260601-202744-session-6.csv,strong_acid_strong_base,강산-강염기,0.15,27.824005,195.016333,22.903453,thermal_roi_avg_celsius,°C
auto-titration-live-20260601-202744-session-6.csv,strong_acid_strong_base,강산-강염기,0.15,28.021899,195.646674,22.877797,thermal_roi_avg_celsius,°C
auto-titration-live-20260601-202744-session-6.csv,strong_acid_strong_base,강산-강염기,0.15,28.383309,202.093078,22.827652,thermal_roi_avg_celsius,°C
auto-titration-live-20260601-202744-session-6.csv,strong_acid_strong_base,강산-강염기,0.15,28.56517,196.667463,22.844466,thermal_roi_avg_celsius,°C
auto-titration-live-20260601-202744-session-6.csv,strong_acid_strong_base,강산-강염기,0.15,28.769588,199.594816,22.86988,thermal_roi_avg_celsius,°C
auto-titration-live-20260601-202744-session-6.csv,strong_acid_strong_base,강산-강염기,0.15,28.96786,196.4993,22.826517,thermal_roi_avg_celsius,°C
auto-titration-live-20260601-202744-session-6.csv,strong_acid_strong_base,강산-강염기,0.15,29.179162,201.799972,22.719411,thermal_roi_avg_celsius,°C
auto-titration-live-20260601-202744-session-6.csv,strong_acid_strong_base,강산-강염기,0.15,29.375439,198.433642,22.782792,thermal_roi_avg_celsius,°C
auto-titration-live-20260601-202744-session-6.csv,strong_acid_strong_base,강산-강염기,0.15,29.706286,199.738726,22.840105,thermal_roi_avg_celsius,°C
auto-titration-live-20260601-202744-session-6.csv,strong_acid_strong_base,강산-강염기,0.15,29.898264,199.483223,22.821001,thermal_roi_avg_celsius,°C
auto-titration-live-20260601-202744-session-6.csv,strong_acid_strong_base,강산-강염기,0.15,30.116971,202.01438,22.804231,thermal_roi_avg_celsius,°C
auto-titration-live-20260601-202744-session-6.csv,strong_acid_strong_base,강산-강염기,0.15,30.313272,200.087102,22.762013,thermal_roi_avg_celsius,°C
auto-titration-live-20260601-202744-session-6.csv,strong_acid_strong_base,강산-강염기,0.15,30.647103,200.922532,22.741389,thermal_roi_avg_celsius,°C
auto-titration-live-20260601-202744-session-6.csv,strong_acid_strong_base,강산-강염기,0.15,30.83862,201.414592,22.783408,thermal_roi_avg_celsius,°C
auto-titration-live-20260601-202744-session-6.csv,strong_acid_strong_base,강산-강염기,0.15,31.042802,203.794637,22.814801,thermal_roi_avg_celsius,°C
auto-titration-live-20260601-202744-session-6.csv,strong_acid_strong_base,강산-강염기,0.15,31.245441,201.180338,22.828808,thermal_roi_avg_celsius,°C
auto-titration-live-20260601-202744-session-6.csv,strong_acid_strong_base,강산-강염기,0.15,31.446348,208.261745,22.823831,thermal_roi_avg_celsius,°C
auto-titration-live-20260601-202744-session-6.csv,strong_acid_strong_base,강산-강염기,0.15,31.652412,207.776214,22.771076,thermal_roi_avg_celsius,°C
auto-titration-live-20260601-202744-session-6.csv,strong_acid_strong_base,강산-강염기,0.15,32.00388,206.93823,22.69534,thermal_roi_avg_celsius,°C
auto-titration-live-20260601-202744-session-6.csv,strong_acid_strong_base,강산-강염기,0.15,32.215221,210.322666,22.717858,thermal_roi_avg_celsius,°C
auto-titration-live-20260601-202744-session-6.csv,strong_acid_strong_base,강산-강염기,0.15,32.412997,209.704927,22.716933,thermal_roi_avg_celsius,°C
auto-titration-live-20260601-202744-session-6.csv,strong_acid_strong_base,강산-강염기,0.15,32.608781,209.368153,22.724597,thermal_roi_avg_celsius,°C
auto-titration-live-20260601-202744-session-6.csv,strong_acid_strong_base,강산-강염기,0.15,32.965176,210.711798,22.703521,thermal_roi_avg_celsius,°C
auto-titration-live-20260601-202744-session-6.csv,strong_acid_strong_base,강산-강염기,0.15,33.167169,210.149035,22.77624,thermal_roi_avg_celsius,°C
auto-titration-live-20260601-202744-session-6.csv,strong_acid_strong_base,강산-강염기,0.15,33.374604,211.31206,22.796919,thermal_roi_avg_celsius,°C
auto-titration-live-20260601-202744-session-6.csv,strong_acid_strong_base,강산-강염기,0.15,33.562524,210.378368,22.784983,thermal_roi_avg_celsius,°C
auto-titration-live-20260601-202744-session-6.csv,strong_acid_strong_base,강산-강염기,0.15,33.749889,210.710273,22.753898,thermal_roi_avg_celsius,°C
auto-titration-live-20260601-202744-session-6.csv,strong_acid_strong_base,강산-강염기,0.15,33.950451,212.030175,22.769853,thermal_roi_avg_celsius,°C
auto-titration-live-20260601-202744-session-6.csv,strong_acid_strong_base,강산-강염기,0.15,34.282054,213.977897,22.82633,thermal_roi_avg_celsius,°C
auto-titration-live-20260601-202744-session-6.csv,strong_acid_strong_base,강산-강염기,0.15,34.484905,212.393223,22.80041,thermal_roi_avg_celsius,°C
auto-titration-live-20260601-202744-session-6.csv,strong_acid_strong_base,강산-강염기,0.15,34.675682,212.578398,22.790422,thermal_roi_avg_celsius,°C
auto-titration-live-20260601-202744-session-6.csv,strong_acid_strong_base,강산-강염기,0.15,34.88346,213.287092,22.783034,thermal_roi_avg_celsius,°C
auto-titration-live-20260601-202744-session-6.csv,strong_acid_strong_base,강산-강염기,0.15,35.221332,214.563983,22.772881,thermal_roi_avg_celsius,°C
auto-titration-live-20260601-202744-session-6.csv,strong_acid_strong_base,강산-강염기,0.15,35.418668,216.790355,22.762619,thermal_roi_avg_celsius,°C
auto-titration-live-20260601-202744-session-6.csv,strong_acid_strong_base,강산-강염기,0.15,35.613435,222.611121,22.759514,thermal_roi_avg_celsius,°C
auto-titration-live-20260601-202744-session-6.csv,strong_acid_strong_base,강산-강염기,0.15,35.807859,223.157174,22.740123,thermal_roi_avg_celsius,°C
auto-titration-live-20260601-202744-session-6.csv,strong_acid_strong_base,강산-강염기,0.15,36.001402,222.843218,22.740156,thermal_roi_avg_celsius,°C
auto-titration-live-20260601-202744-session-6.csv,strong_acid_strong_base,강산-강염기,0.15,36.200768,219.87652,22.763764,thermal_roi_avg_celsius,°C
auto-titration-live-20260601-202744-session-6.csv,strong_acid_strong_base,강산-강염기,0.15,36.535387,218.319137,22.810661,thermal_roi_avg_celsius,°C
auto-titration-live-20260601-202744-session-6.csv,strong_acid_strong_base,강산-강염기,0.15,36.731928,216.398309,22.829733,thermal_roi_avg_celsius,°C
auto-titration-live-20260601-202744-session-6.csv,strong_acid_strong_base,강산-강염기,0.15,36.933215,218.936831,22.836097,thermal_roi_avg_celsius,°C
auto-titration-live-20260601-202744-session-6.csv,strong_acid_strong_base,강산-강염기,0.15,37.153599,218.250531,22.887013,thermal_roi_avg_celsius,°C
auto-titration-live-20260601-202744-session-6.csv,strong_acid_strong_base,강산-강염기,0.15,37.503047,219.767769,22.812731,thermal_roi_avg_celsius,°C
auto-titration-live-20260601-202744-session-6.csv,strong_acid_strong_base,강산-강염기,0.15,37.688793,221.187813,22.793076,thermal_roi_avg_celsius,°C
auto-titration-live-20260601-202744-session-6.csv,strong_acid_strong_base,강산-강염기,0.15,37.890874,220.101756,22.713619,thermal_roi_avg_celsius,°C
auto-titration-live-20260601-202744-session-6.csv,strong_acid_strong_base,강산-강염기,0.15,38.088627,221.260614,22.71625,thermal_roi_avg_celsius,°C
auto-titration-live-20260601-202744-session-6.csv,strong_acid_strong_base,강산-강염기,0.15,38.282105,224.059282,22.751982,thermal_roi_avg_celsius,°C
auto-titration-live-20260601-202744-session-6.csv,strong_acid_strong_base,강산-강염기,0.15,38.504246,223.587688,22.820219,thermal_roi_avg_celsius,°C
auto-titration-live-20260601-202744-session-6.csv,strong_acid_strong_base,강산-강염기,0.15,38.829237,223.77757,22.738735,thermal_roi_avg_celsius,°C
auto-titration-live-20260601-202744-session-6.csv,strong_acid_strong_base,강산-강염기,0.15,39.037985,225.560944,22.690165,thermal_roi_avg_celsius,°C
auto-titration-live-20260601-202744-session-6.csv,strong_acid_strong_base,강산-강염기,0.15,39.225166,228.312988,22.718155,thermal_roi_avg_celsius,°C
auto-titration-live-20260601-202744-session-6.csv,strong_acid_strong_base,강산-강염기,0.15,39.430541,228.096962,22.800432,thermal_roi_avg_celsius,°C
auto-titration-live-20260601-202744-session-6.csv,strong_acid_strong_base,강산-강염기,0.15,39.769219,225.890643,22.708333,thermal_roi_avg_celsius,°C
auto-titration-live-20260601-202744-session-6.csv,strong_acid_strong_base,강산-강염기,0.15,39.963565,226.519136,22.706759,thermal_roi_avg_celsius,°C
auto-titration-live-20260601-202744-session-6.csv,strong_acid_strong_base,강산-강염기,0.15,40.181742,228.114325,22.774709,thermal_roi_avg_celsius,°C
auto-titration-live-20260601-202744-session-6.csv,strong_acid_strong_base,강산-강염기,0.15,40.375851,228.881159,22.737337,thermal_roi_avg_celsius,°C
auto-titration-live-20260601-202744-session-6.csv,strong_acid_strong_base,강산-강염기,0.15,40.583807,229.753512,22.746763,thermal_roi_avg_celsius,°C
auto-titration-live-20260601-202744-session-6.csv,strong_acid_strong_base,강산-강염기,0.15,40.784382,228.976917,22.647617,thermal_roi_avg_celsius,°C
auto-titration-live-20260601-202744-session-6.csv,strong_acid_strong_base,강산-강염기,0.15,41.135452,230.398233,22.552535,thermal_roi_avg_celsius,°C
auto-titration-live-20260601-202744-session-6.csv,strong_acid_strong_base,강산-강염기,0.15,41.338672,231.255812,22.573798,thermal_roi_avg_celsius,°C
auto-titration-live-20260601-202744-session-6.csv,strong_acid_strong_base,강산-강염기,0.15,41.541062,233.607771,22.647672,thermal_roi_avg_celsius,°C
auto-titration-live-20260601-202744-session-6.csv,strong_acid_strong_base,강산-강염기,0.15,41.73646,231.39386,22.701826,thermal_roi_avg_celsius,°C
auto-titration-live-20260601-213925-session-12.csv,strong_acid_weak_base,강산-약염기,0.15,0.0,138.473763,23.782946,thermal_roi_avg_celsius,°C
auto-titration-live-20260601-213925-session-12.csv,strong_acid_weak_base,강산-약염기,0.15,0.376311,137.519175,23.664266,thermal_roi_avg_celsius,°C
auto-titration-live-20260601-213925-session-12.csv,strong_acid_weak_base,강산-약염기,0.15,0.645191,140.830786,23.68336,thermal_roi_avg_celsius,°C
auto-titration-live-20260601-213925-session-12.csv,strong_acid_weak_base,강산-약염기,0.15,0.877093,138.490174,23.638048,thermal_roi_avg_celsius,°C
auto-titration-live-20260601-213925-session-12.csv,strong_acid_weak_base,강산-약염기,0.15,1.142275,139.882343,23.681003,thermal_roi_avg_celsius,°C
auto-titration-live-20260601-213925-session-12.csv,strong_acid_weak_base,강산-약염기,0.15,1.568053,138.956441,23.572311,thermal_roi_avg_celsius,°C
auto-titration-live-20260601-213925-session-12.csv,strong_acid_weak_base,강산-약염기,0.15,1.810879,136.487375,23.634745,thermal_roi_avg_celsius,°C
auto-titration-live-20260601-213925-session-12.csv,strong_acid_weak_base,강산-약염기,0.15,2.084684,137.058312,23.603671,thermal_roi_avg_celsius,°C
auto-titration-live-20260601-213925-session-12.csv,strong_acid_weak_base,강산-약염기,0.15,2.334642,141.330049,23.563568,thermal_roi_avg_celsius,°C
auto-titration-live-20260601-213925-session-12.csv,strong_acid_weak_base,강산-약염기,0.15,2.572565,135.12183,23.53267,thermal_roi_avg_celsius,°C
auto-titration-live-20260601-213925-session-12.csv,strong_acid_weak_base,강산-약염기,0.15,3.010102,147.374333,23.555673,thermal_roi_avg_celsius,°C
auto-titration-live-20260601-213925-session-12.csv,strong_acid_weak_base,강산-약염기,0.15,3.271973,143.882441,23.614308,thermal_roi_avg_celsius,°C
auto-titration-live-20260601-213925-session-12.csv,strong_acid_weak_base,강산-약염기,0.15,3.521449,145.136855,23.525943,thermal_roi_avg_celsius,°C
auto-titration-live-20260601-213925-session-12.csv,strong_acid_weak_base,강산-약염기,0.15,3.762658,150.604601,23.477834,thermal_roi_avg_celsius,°C
auto-titration-live-20260601-213925-session-12.csv,strong_acid_weak_base,강산-약염기,0.15,4.19918,148.321105,23.512035,thermal_roi_avg_celsius,°C
auto-titration-live-20260601-213925-session-12.csv,strong_acid_weak_base,강산-약염기,0.15,4.44968,145.019943,23.518191,thermal_roi_avg_celsius,°C
auto-titration-live-20260601-213925-session-12.csv,strong_acid_weak_base,강산-약염기,0.15,4.710946,147.570314,23.548097,thermal_roi_avg_celsius,°C
auto-titration-live-20260601-213925-session-12.csv,strong_acid_weak_base,강산-약염기,0.15,4.965702,144.811678,23.557193,thermal_roi_avg_celsius,°C
auto-titration-live-20260601-213925-session-12.csv,strong_acid_weak_base,강산-약염기,0.15,5.38644,146.953631,23.582408,thermal_roi_avg_celsius,°C
auto-titration-live-20260601-213925-session-12.csv,strong_acid_weak_base,강산-약염기,0.15,5.630954,144.712623,23.615431,thermal_roi_avg_celsius,°C
auto-titration-live-20260601-213925-session-12.csv,strong_acid_weak_base,강산-약염기,0.15,5.865875,140.05811,23.630781,thermal_roi_avg_celsius,°C
auto-titration-live-20260601-213925-session-12.csv,strong_acid_weak_base,강산-약염기,0.15,6.135344,133.6463,23.557446,thermal_roi_avg_celsius,°C
auto-titration-live-20260601-213925-session-12.csv,strong_acid_weak_base,강산-약염기,0.15,6.561445,132.544381,23.509393,thermal_roi_avg_celsius,°C
auto-titration-live-20260601-213925-session-12.csv,strong_acid_weak_base,강산-약염기,0.15,6.808073,135.336673,23.530017,thermal_roi_avg_celsius,°C
auto-titration-live-20260601-213925-session-12.csv,strong_acid_weak_base,강산-약염기,0.15,7.071878,133.987272,23.505737,thermal_roi_avg_celsius,°C
auto-titration-live-20260601-213925-session-12.csv,strong_acid_weak_base,강산-약염기,0.15,7.317316,129.482344,23.593607,thermal_roi_avg_celsius,°C
auto-titration-live-20260601-213925-session-12.csv,strong_acid_weak_base,강산-약염기,0.15,7.746322,130.48729,23.625462,thermal_roi_avg_celsius,°C
auto-titration-live-20260601-213925-session-12.csv,strong_acid_weak_base,강산-약염기,0.15,8.000381,134.924255,23.664145,thermal_roi_avg_celsius,°C
auto-titration-live-20260601-213925-session-12.csv,strong_acid_weak_base,강산-약염기,0.15,8.253879,135.769202,23.639458,thermal_roi_avg_celsius,°C
auto-titration-live-20260601-213925-session-12.csv,strong_acid_weak_base,강산-약염기,0.15,8.502449,135.91874,23.614826,thermal_roi_avg_celsius,°C
auto-titration-live-20260601-213925-session-12.csv,strong_acid_weak_base,강산-약염기,0.15,8.748228,133.086138,23.597108,thermal_roi_avg_celsius,°C
auto-titration-live-20260601-213925-session-12.csv,strong_acid_weak_base,강산-약염기,0.15,9.189538,130.730436,23.499284,thermal_roi_avg_celsius,°C
auto-titration-live-20260601-213925-session-12.csv,strong_acid_weak_base,강산-약염기,0.15,9.447147,130.014677,23.510053,thermal_roi_avg_celsius,°C
auto-titration-live-20260601-213925-session-12.csv,strong_acid_weak_base,강산-약염기,0.15,9.694208,127.920617,23.512399,thermal_roi_avg_celsius,°C
auto-titration-live-20260601-213925-session-12.csv,strong_acid_weak_base,강산-약염기,0.15,9.940637,133.037259,23.549573,thermal_roi_avg_celsius,°C
auto-titration-live-20260601-213925-session-12.csv,strong_acid_weak_base,강산-약염기,0.15,10.374341,130.71392,23.498679,thermal_roi_avg_celsius,°C
auto-titration-live-20260601-213925-session-12.csv,strong_acid_weak_base,강산-약염기,0.15,10.645079,131.472567,23.5601,thermal_roi_avg_celsius,°C
auto-titration-live-20260601-213925-session-12.csv,strong_acid_weak_base,강산-약염기,0.15,10.9009,135.352973,23.555343,thermal_roi_avg_celsius,°C
auto-titration-live-20260601-213925-session-12.csv,strong_acid_weak_base,강산-약염기,0.15,11.170144,137.395772,23.530743,thermal_roi_avg_celsius,°C
auto-titration-live-20260601-213925-session-12.csv,strong_acid_weak_base,강산-약염기,0.15,11.576989,128.091429,23.544155,thermal_roi_avg_celsius,°C
auto-titration-live-20260601-213925-session-12.csv,strong_acid_weak_base,강산-약염기,0.15,11.838722,131.799077,23.616466,thermal_roi_avg_celsius,°C
auto-titration-live-20260601-213925-session-12.csv,strong_acid_weak_base,강산-약염기,0.15,12.075439,135.245973,23.599861,thermal_roi_avg_celsius,°C
auto-titration-live-20260601-213925-session-12.csv,strong_acid_weak_base,강산-약염기,0.15,12.36893,133.281895,23.497357,thermal_roi_avg_celsius,°C
auto-titration-live-20260601-213925-session-12.csv,strong_acid_weak_base,강산-약염기,0.15,12.817762,128.520677,23.541193,thermal_roi_avg_celsius,°C
auto-titration-live-20260601-213925-session-12.csv,strong_acid_weak_base,강산-약염기,0.15,13.062217,126.843,23.529907,thermal_roi_avg_celsius,°C
auto-titration-live-20260601-213925-session-12.csv,strong_acid_weak_base,강산-약염기,0.15,13.316804,130.139207,23.457122,thermal_roi_avg_celsius,°C
auto-titration-live-20260601-213925-session-12.csv,strong_acid_weak_base,강산-약염기,0.15,13.587339,125.415442,23.435496,thermal_roi_avg_celsius,°C
auto-titration-live-20260601-213925-session-12.csv,strong_acid_weak_base,강산-약염기,0.15,14.01755,125.865582,23.412515,thermal_roi_avg_celsius,°C
auto-titration-live-20260601-213925-session-12.csv,strong_acid_weak_base,강산-약염기,0.15,14.290231,126.925396,23.456594,thermal_roi_avg_celsius,°C
auto-titration-live-20260601-213925-session-12.csv,strong_acid_weak_base,강산-약염기,0.15,14.559456,126.089132,23.544508,thermal_roi_avg_celsius,°C
auto-titration-live-20260601-213925-session-12.csv,strong_acid_weak_base,강산-약염기,0.15,14.813458,120.659762,23.579876,thermal_roi_avg_celsius,°C
auto-titration-live-20260601-213925-session-12.csv,strong_acid_weak_base,강산-약염기,0.15,15.064029,130.875934,23.581781,thermal_roi_avg_celsius,°C
auto-titration-live-20260601-213925-session-12.csv,strong_acid_weak_base,강산-약염기,0.15,15.508055,123.278694,23.56,thermal_roi_avg_celsius,°C
auto-titration-live-20260601-213925-session-12.csv,strong_acid_weak_base,강산-약염기,0.15,15.744032,123.202924,23.538639,thermal_roi_avg_celsius,°C
auto-titration-live-20260601-213925-session-12.csv,strong_acid_weak_base,강산-약염기,0.15,15.993065,121.034678,23.53648,thermal_roi_avg_celsius,°C
auto-titration-live-20260601-213925-session-12.csv,strong_acid_weak_base,강산-약염기,0.15,16.261346,112.3232,23.5147,thermal_roi_avg_celsius,°C
auto-titration-live-20260601-213925-session-12.csv,strong_acid_weak_base,강산-약염기,0.15,16.676569,91.048558,23.711747,thermal_roi_avg_celsius,°C
auto-titration-live-20260601-213925-session-12.csv,strong_acid_weak_base,강산-약염기,0.15,16.923768,83.031508,23.714709,thermal_roi_avg_celsius,°C
auto-titration-live-20260601-213925-session-12.csv,strong_acid_weak_base,강산-약염기,0.15,17.171482,71.328443,23.724366,thermal_roi_avg_celsius,°C
auto-titration-live-20260601-213925-session-12.csv,strong_acid_weak_base,강산-약염기,0.15,17.415812,64.930052,23.743867,thermal_roi_avg_celsius,°C
auto-titration-live-20260601-213925-session-12.csv,strong_acid_weak_base,강산-약염기,0.15,17.82978,62.60529,23.677546,thermal_roi_avg_celsius,°C
auto-titration-live-20260601-213925-session-12.csv,strong_acid_weak_base,강산-약염기,0.15,18.091945,59.255261,23.770866,thermal_roi_avg_celsius,°C
auto-titration-live-20260601-213925-session-12.csv,strong_acid_weak_base,강산-약염기,0.15,18.350925,62.233235,23.762487,thermal_roi_avg_celsius,°C
auto-titration-live-20260601-213925-session-12.csv,strong_acid_weak_base,강산-약염기,0.15,18.619749,62.163091,23.74902,thermal_roi_avg_celsius,°C
auto-titration-live-20260601-213925-session-12.csv,strong_acid_weak_base,강산-약염기,0.15,19.051129,61.18976,23.703643,thermal_roi_avg_celsius,°C
auto-titration-live-20260601-213925-session-12.csv,strong_acid_weak_base,강산-약염기,0.15,19.31914,58.60093,23.657913,thermal_roi_avg_celsius,°C
auto-titration-live-20260601-213925-session-12.csv,strong_acid_weak_base,강산-약염기,0.15,19.556508,60.910258,23.701473,thermal_roi_avg_celsius,°C
auto-titration-live-20260601-213925-session-12.csv,strong_acid_weak_base,강산-약염기,0.15,19.827282,58.533692,23.67095,thermal_roi_avg_celsius,°C
auto-titration-live-20260601-213925-session-12.csv,strong_acid_weak_base,강산-약염기,0.15,20.284887,58.806383,23.530854,thermal_roi_avg_celsius,°C
auto-titration-live-20260601-213925-session-12.csv,strong_acid_weak_base,강산-약염기,0.15,20.538291,60.768694,23.633611,thermal_roi_avg_celsius,°C
auto-titration-live-20260601-213925-session-12.csv,strong_acid_weak_base,강산-약염기,0.15,20.806118,57.822642,23.632466,thermal_roi_avg_celsius,°C
auto-titration-live-20260601-213925-session-12.csv,strong_acid_weak_base,강산-약염기,0.15,21.052662,58.678779,23.620618,thermal_roi_avg_celsius,°C
auto-titration-live-20260601-213925-session-12.csv,strong_acid_weak_base,강산-약염기,0.15,21.32748,58.959047,23.745937,thermal_roi_avg_celsius,°C
auto-titration-live-20260601-213925-session-12.csv,strong_acid_weak_base,강산-약염기,0.15,21.751087,62.557364,23.785699,thermal_roi_avg_celsius,°C
auto-titration-live-20260601-213925-session-12.csv,strong_acid_weak_base,강산-약염기,0.15,22.005051,63.833539,23.733043,thermal_roi_avg_celsius,°C
auto-titration-live-20260601-213925-session-12.csv,strong_acid_weak_base,강산-약염기,0.15,22.307812,59.387566,23.723121,thermal_roi_avg_celsius,°C
auto-titration-live-20260601-213925-session-12.csv,strong_acid_weak_base,강산-약염기,0.15,22.548142,57.17738,23.690187,thermal_roi_avg_celsius,°C
auto-titration-live-20260601-213925-session-12.csv,strong_acid_weak_base,강산-약염기,0.15,22.98306,56.542105,23.660666,thermal_roi_avg_celsius,°C
auto-titration-live-20260601-213925-session-12.csv,strong_acid_weak_base,강산-약염기,0.15,23.260447,62.602651,23.641968,thermal_roi_avg_celsius,°C
auto-titration-live-20260601-213925-session-12.csv,strong_acid_weak_base,강산-약염기,0.15,23.511945,59.682341,23.636705,thermal_roi_avg_celsius,°C
auto-titration-live-20260601-213925-session-12.csv,strong_acid_weak_base,강산-약염기,0.15,23.764796,57.191443,23.70645,thermal_roi_avg_celsius,°C
auto-titration-live-20260601-213925-session-12.csv,strong_acid_weak_base,강산-약염기,0.15,24.198804,56.65603,23.710128,thermal_roi_avg_celsius,°C
auto-titration-live-20260601-213925-session-12.csv,strong_acid_weak_base,강산-약염기,0.15,24.431448,57.658905,23.734408,thermal_roi_avg_celsius,°C
auto-titration-live-20260601-213925-session-12.csv,strong_acid_weak_base,강산-약염기,0.15,24.686747,56.08969,23.824634,thermal_roi_avg_celsius,°C
auto-titration-live-20260601-213925-session-12.csv,strong_acid_weak_base,강산-약염기,0.15,24.950589,56.897314,23.780061,thermal_roi_avg_celsius,°C
auto-titration-live-20260601-213925-session-12.csv,strong_acid_weak_base,강산-약염기,0.15,25.373359,59.268872,23.687973,thermal_roi_avg_celsius,°C
auto-titration-live-20260601-213925-session-12.csv,strong_acid_weak_base,강산-약염기,0.15,25.631612,55.241956,23.645602,thermal_roi_avg_celsius,°C
auto-titration-live-20260601-213925-session-12.csv,strong_acid_weak_base,강산-약염기,0.15,25.896166,53.402431,23.656173,thermal_roi_avg_celsius,°C
auto-titration-live-20260601-213925-session-12.csv,strong_acid_weak_base,강산-약염기,0.15,26.143283,60.964343,23.651394,thermal_roi_avg_celsius,°C
auto-titration-live-20260601-213925-session-12.csv,strong_acid_weak_base,강산-약염기,0.15,26.570012,53.944547,23.606446,thermal_roi_avg_celsius,°C
auto-titration-live-20260601-213925-session-12.csv,strong_acid_weak_base,강산-약염기,0.15,26.809422,54.796831,23.610564,thermal_roi_avg_celsius,°C
auto-titration-live-20260601-213925-session-12.csv,strong_acid_weak_base,강산-약염기,0.15,27.052238,56.497041,23.716063,thermal_roi_avg_celsius,°C
auto-titration-live-20260601-213925-session-12.csv,strong_acid_weak_base,강산-약염기,0.15,27.319757,52.815049,23.700824,thermal_roi_avg_celsius,°C
auto-titration-live-20260601-213925-session-12.csv,strong_acid_weak_base,강산-약염기,0.15,27.576721,57.464088,23.739297,thermal_roi_avg_celsius,°C
auto-titration-live-20260601-213925-session-12.csv,strong_acid_weak_base,강산-약염기,0.15,27.990177,60.470466,23.701848,thermal_roi_avg_celsius,°C
auto-titration-live-20260601-213925-session-12.csv,strong_acid_weak_base,강산-약염기,0.15,28.244916,50.922995,23.719135,thermal_roi_avg_celsius,°C
auto-titration-live-20260601-213925-session-12.csv,strong_acid_weak_base,강산-약염기,0.15,28.491054,50.543643,23.653442,thermal_roi_avg_celsius,°C
auto-titration-live-20260601-213925-session-12.csv,strong_acid_weak_base,강산-약염기,0.15,28.732116,50.488885,23.567896,thermal_roi_avg_celsius,°C
auto-titration-live-20260601-213925-session-12.csv,strong_acid_weak_base,강산-약염기,0.15,29.15292,49.635146,23.64035,thermal_roi_avg_celsius,°C
auto-titration-live-20260601-213925-session-12.csv,strong_acid_weak_base,강산-약염기,0.15,29.404639,48.380847,23.615211,thermal_roi_avg_celsius,°C
auto-titration-live-20260601-213925-session-12.csv,strong_acid_weak_base,강산-약염기,0.15,29.658358,48.804339,23.609221,thermal_roi_avg_celsius,°C
auto-titration-live-20260601-213925-session-12.csv,strong_acid_weak_base,강산-약염기,0.15,29.923952,47.461812,23.543561,thermal_roi_avg_celsius,°C
auto-titration-live-20260601-213925-session-12.csv,strong_acid_weak_base,강산-약염기,0.15,30.374035,48.92252,23.459456,thermal_roi_avg_celsius,°C
auto-titration-live-20260601-213925-session-12.csv,strong_acid_weak_base,강산-약염기,0.15,30.633895,51.312098,23.501498,thermal_roi_avg_celsius,°C
auto-titration-live-20260601-213925-session-12.csv,strong_acid_weak_base,강산-약염기,0.15,30.876858,50.454174,23.544254,thermal_roi_avg_celsius,°C
auto-titration-live-20260601-213925-session-12.csv,strong_acid_weak_base,강산-약염기,0.15,31.156056,48.04369,23.58547,thermal_roi_avg_celsius,°C
auto-titration-live-20260601-213925-session-12.csv,strong_acid_weak_base,강산-약염기,0.15,31.598398,48.946016,23.642277,thermal_roi_avg_celsius,°C
auto-titration-live-20260601-213925-session-12.csv,strong_acid_weak_base,강산-약염기,0.15,31.83876,52.308212,23.635251,thermal_roi_avg_celsius,°C
auto-titration-live-20260601-213925-session-12.csv,strong_acid_weak_base,강산-약염기,0.15,32.091529,51.004813,23.605202,thermal_roi_avg_celsius,°C
auto-titration-live-20260601-213925-session-12.csv,strong_acid_weak_base,강산-약염기,0.15,32.334831,51.404689,23.602625,thermal_roi_avg_celsius,°C
auto-titration-live-20260601-213925-session-12.csv,strong_acid_weak_base,강산-약염기,0.15,32.61395,50.272021,23.606039,thermal_roi_avg_celsius,°C
auto-titration-live-20260601-213925-session-12.csv,strong_acid_weak_base,강산-약염기,0.15,33.025324,51.419952,23.694822,thermal_roi_avg_celsius,°C
auto-titration-live-20260601-213925-session-12.csv,strong_acid_weak_base,강산-약염기,0.15,33.276549,48.951599,23.743569,thermal_roi_avg_celsius,°C
auto-titration-live-20260601-213925-session-12.csv,strong_acid_weak_base,강산-약염기,0.15,33.532753,48.719294,23.750154,thermal_roi_avg_celsius,°C
auto-titration-live-20260601-213925-session-12.csv,strong_acid_weak_base,강산-약염기,0.15,33.784711,50.635621,23.747754,thermal_roi_avg_celsius,°C
auto-titration-live-20260601-213925-session-12.csv,strong_acid_weak_base,강산-약염기,0.15,34.22239,49.526543,23.797315,thermal_roi_avg_celsius,°C
auto-titration-live-20260601-213925-session-12.csv,strong_acid_weak_base,강산-약염기,0.15,34.479524,47.250817,23.938337,thermal_roi_avg_celsius,°C
auto-titration-live-20260601-213925-session-12.csv,strong_acid_weak_base,강산-약염기,0.15,34.738522,45.692122,23.829105,thermal_roi_avg_celsius,°C
auto-titration-live-20260601-213925-session-12.csv,strong_acid_weak_base,강산-약염기,0.15,35.003495,46.832674,23.818986,thermal_roi_avg_celsius,°C
auto-titration-live-20260601-213925-session-12.csv,strong_acid_weak_base,강산-약염기,0.15,35.429133,47.638075,23.788319,thermal_roi_avg_celsius,°C
auto-titration-live-20260601-213925-session-12.csv,strong_acid_weak_base,강산-약염기,0.15,35.69048,49.067517,23.632367,thermal_roi_avg_celsius,°C
auto-titration-live-20260601-213925-session-12.csv,strong_acid_weak_base,강산-약염기,0.15,35.975407,48.035924,23.689449,thermal_roi_avg_celsius,°C
auto-titration-live-20260601-213925-session-12.csv,strong_acid_weak_base,강산-약염기,0.15,36.244357,48.843981,23.706296,thermal_roi_avg_celsius,°C
auto-titration-live-20260601-213925-session-12.csv,strong_acid_weak_base,강산-약염기,0.15,36.641068,51.417862,23.728792,thermal_roi_avg_celsius,°C
auto-titration-live-20260601-213925-session-12.csv,strong_acid_weak_base,강산-약염기,0.15,36.90874,49.446747,23.691949,thermal_roi_avg_celsius,°C
auto-titration-live-20260601-213925-session-12.csv,strong_acid_weak_base,강산-약염기,0.15,37.165485,44.773059,23.729728,thermal_roi_avg_celsius,°C
auto-titration-live-20260601-213925-session-12.csv,strong_acid_weak_base,강산-약염기,0.15,37.426823,48.113738,23.747027,thermal_roi_avg_celsius,°C
auto-titration-live-20260601-213925-session-12.csv,strong_acid_weak_base,강산-약염기,0.15,37.851489,47.647709,23.750496,thermal_roi_avg_celsius,°C
auto-titration-live-20260601-213925-session-12.csv,strong_acid_weak_base,강산-약염기,0.15,38.123589,48.772265,23.81555,thermal_roi_avg_celsius,°C
auto-titration-live-20260601-213925-session-12.csv,strong_acid_weak_base,강산-약염기,0.15,38.360215,49.733602,23.837297,thermal_roi_avg_celsius,°C
auto-titration-live-20260601-213925-session-12.csv,strong_acid_weak_base,강산-약염기,0.15,38.603794,50.187883,23.760769,thermal_roi_avg_celsius,°C
auto-titration-live-20260601-213925-session-12.csv,strong_acid_weak_base,강산-약염기,0.15,39.062659,48.893167,23.680651,thermal_roi_avg_celsius,°C
auto-titration-live-20260601-213925-session-12.csv,strong_acid_weak_base,강산-약염기,0.15,39.316662,46.487089,23.674242,thermal_roi_avg_celsius,°C
auto-titration-live-20260601-213925-session-12.csv,strong_acid_weak_base,강산-약염기,0.15,39.571436,49.344073,23.726667,thermal_roi_avg_celsius,°C
auto-titration-live-20260601-213925-session-12.csv,strong_acid_weak_base,강산-약염기,0.15,39.846935,47.404669,23.703466,thermal_roi_avg_celsius,°C
auto-titration-live-20260601-213925-session-12.csv,strong_acid_weak_base,강산-약염기,0.15,40.281378,47.035414,23.746609,thermal_roi_avg_celsius,°C
auto-titration-live-20260601-213925-session-12.csv,strong_acid_weak_base,강산-약염기,0.15,40.53803,48.073799,23.598044,thermal_roi_avg_celsius,°C
auto-titration-live-20260601-213925-session-12.csv,strong_acid_weak_base,강산-약염기,0.15,40.795134,45.502304,23.605235,thermal_roi_avg_celsius,°C
auto-titration-live-20260601-213925-session-12.csv,strong_acid_weak_base,강산-약염기,0.15,41.076485,50.420311,23.628402,thermal_roi_avg_celsius,°C
auto-titration-live-20260601-213925-session-12.csv,strong_acid_weak_base,강산-약염기,0.15,41.492503,49.247802,23.668032,thermal_roi_avg_celsius,°C
auto-titration-live-20260601-204506-session-8.csv,weak_acid_strong_base,약산-강염기,0.15,0.0,72.937614,23.066266,thermal_roi_avg_celsius,°C
auto-titration-live-20260601-204506-session-8.csv,weak_acid_strong_base,약산-강염기,0.15,0.362921,76.913331,23.065429,thermal_roi_avg_celsius,°C
auto-titration-live-20260601-204506-session-8.csv,weak_acid_strong_base,약산-강염기,0.15,0.573406,78.219747,22.940374,thermal_roi_avg_celsius,°C
auto-titration-live-20260601-204506-session-8.csv,weak_acid_strong_base,약산-강염기,0.15,0.799706,74.028049,22.921611,thermal_roi_avg_celsius,°C
auto-titration-live-20260601-204506-session-8.csv,weak_acid_strong_base,약산-강염기,0.15,1.01815,78.054636,22.855631,thermal_roi_avg_celsius,°C
auto-titration-live-20260601-204506-session-8.csv,weak_acid_strong_base,약산-강염기,0.15,1.379915,73.133135,22.717407,thermal_roi_avg_celsius,°C
auto-titration-live-20260601-204506-session-8.csv,weak_acid_strong_base,약산-강염기,0.15,1.593407,76.417834,22.619318,thermal_roi_avg_celsius,°C
auto-titration-live-20260601-204506-session-8.csv,weak_acid_strong_base,약산-강염기,0.15,1.825823,74.987515,22.712055,thermal_roi_avg_celsius,°C
auto-titration-live-20260601-204506-session-8.csv,weak_acid_strong_base,약산-강염기,0.15,2.058763,73.732897,22.718684,thermal_roi_avg_celsius,°C
auto-titration-live-20260601-204506-session-8.csv,weak_acid_strong_base,약산-강염기,0.15,2.407991,72.131813,22.771802,thermal_roi_avg_celsius,°C
auto-titration-live-20260601-204506-session-8.csv,weak_acid_strong_base,약산-강염기,0.15,2.627483,74.695957,22.802028,thermal_roi_avg_celsius,°C
auto-titration-live-20260601-204506-session-8.csv,weak_acid_strong_base,약산-강염기,0.15,2.824909,72.257856,22.808272,thermal_roi_avg_celsius,°C
auto-titration-live-20260601-204506-session-8.csv,weak_acid_strong_base,약산-강염기,0.15,3.048944,74.88515,22.886033,thermal_roi_avg_celsius,°C
auto-titration-live-20260601-204506-session-8.csv,weak_acid_strong_base,약산-강염기,0.15,3.251554,74.940614,22.83602,thermal_roi_avg_celsius,°C
auto-titration-live-20260601-204506-session-8.csv,weak_acid_strong_base,약산-강염기,0.15,3.610092,74.979779,22.745243,thermal_roi_avg_celsius,°C
auto-titration-live-20260601-204506-session-8.csv,weak_acid_strong_base,약산-강염기,0.15,3.8331,69.277621,22.811256,thermal_roi_avg_celsius,°C
auto-titration-live-20260601-204506-session-8.csv,weak_acid_strong_base,약산-강염기,0.15,4.055426,70.41494,22.774423,thermal_roi_avg_celsius,°C
auto-titration-live-20260601-204506-session-8.csv,weak_acid_strong_base,약산-강염기,0.15,4.253936,72.755853,22.727262,thermal_roi_avg_celsius,°C
auto-titration-live-20260601-204506-session-8.csv,weak_acid_strong_base,약산-강염기,0.15,4.475615,74.128225,22.696496,thermal_roi_avg_celsius,°C
auto-titration-live-20260601-204506-session-8.csv,weak_acid_strong_base,약산-강염기,0.15,4.844375,73.393904,22.820637,thermal_roi_avg_celsius,°C
auto-titration-live-20260601-204506-session-8.csv,weak_acid_strong_base,약산-강염기,0.15,5.048578,78.142516,22.893224,thermal_roi_avg_celsius,°C
auto-titration-live-20260601-204506-session-8.csv,weak_acid_strong_base,약산-강염기,0.15,5.264266,76.690954,22.930541,thermal_roi_avg_celsius,°C
auto-titration-live-20260601-204506-session-8.csv,weak_acid_strong_base,약산-강염기,0.15,5.47316,70.151802,22.866995,thermal_roi_avg_celsius,°C
auto-titration-live-20260601-204506-session-8.csv,weak_acid_strong_base,약산-강염기,0.15,5.716562,72.152117,22.896087,thermal_roi_avg_celsius,°C
auto-titration-live-20260601-204506-session-8.csv,weak_acid_strong_base,약산-강염기,0.15,6.059778,71.575785,22.934483,thermal_roi_avg_celsius,°C
auto-titration-live-20260601-204506-session-8.csv,weak_acid_strong_base,약산-강염기,0.15,6.271585,70.425158,22.886936,thermal_roi_avg_celsius,°C
auto-titration-live-20260601-204506-session-8.csv,weak_acid_strong_base,약산-강염기,0.15,6.486496,74.329397,22.824084,thermal_roi_avg_celsius,°C
auto-titration-live-20260601-204506-session-8.csv,weak_acid_strong_base,약산-강염기,0.15,6.699305,76.87137,22.802304,thermal_roi_avg_celsius,°C
auto-titration-live-20260601-204506-session-8.csv,weak_acid_strong_base,약산-강염기,0.15,7.041797,71.851557,22.815132,thermal_roi_avg_celsius,°C
auto-titration-live-20260601-204506-session-8.csv,weak_acid_strong_base,약산-강염기,0.15,7.252994,71.243492,22.863207,thermal_roi_avg_celsius,°C
auto-titration-live-20260601-204506-session-8.csv,weak_acid_strong_base,약산-강염기,0.15,7.467323,69.779843,22.881992,thermal_roi_avg_celsius,°C
auto-titration-live-20260601-204506-session-8.csv,weak_acid_strong_base,약산-강염기,0.15,7.702974,73.823346,22.846492,thermal_roi_avg_celsius,°C
auto-titration-live-20260601-204506-session-8.csv,weak_acid_strong_base,약산-강염기,0.15,8.076495,73.044597,22.828852,thermal_roi_avg_celsius,°C
auto-titration-live-20260601-204506-session-8.csv,weak_acid_strong_base,약산-강염기,0.15,8.286563,75.022133,22.846327,thermal_roi_avg_celsius,°C
auto-titration-live-20260601-204506-session-8.csv,weak_acid_strong_base,약산-강염기,0.15,8.516535,75.41874,22.825559,thermal_roi_avg_celsius,°C
auto-titration-live-20260601-204506-session-8.csv,weak_acid_strong_base,약산-강염기,0.15,8.737226,72.825612,22.772992,thermal_roi_avg_celsius,°C
auto-titration-live-20260601-204506-session-8.csv,weak_acid_strong_base,약산-강염기,0.15,8.938998,74.824488,22.791105,thermal_roi_avg_celsius,°C
auto-titration-live-20260601-204506-session-8.csv,weak_acid_strong_base,약산-강염기,0.15,9.309078,78.244769,22.813601,thermal_roi_avg_celsius,°C
auto-titration-live-20260601-204506-session-8.csv,weak_acid_strong_base,약산-강염기,0.15,9.542077,74.094448,22.834379,thermal_roi_avg_celsius,°C
auto-titration-live-20260601-204506-session-8.csv,weak_acid_strong_base,약산-강염기,0.15,9.771087,72.261314,22.843497,thermal_roi_avg_celsius,°C
auto-titration-live-20260601-204506-session-8.csv,weak_acid_strong_base,약산-강염기,0.15,9.984134,74.166898,22.9497,thermal_roi_avg_celsius,°C
auto-titration-live-20260601-204506-session-8.csv,weak_acid_strong_base,약산-강염기,0.15,10.21703,70.934548,22.936916,thermal_roi_avg_celsius,°C
auto-titration-live-20260601-204506-session-8.csv,weak_acid_strong_base,약산-강염기,0.15,10.581527,76.539713,22.936542,thermal_roi_avg_celsius,°C
auto-titration-live-20260601-204506-session-8.csv,weak_acid_strong_base,약산-강염기,0.15,10.785179,76.322756,22.931576,thermal_roi_avg_celsius,°C
auto-titration-live-20260601-204506-session-8.csv,weak_acid_strong_base,약산-강염기,0.15,11.002182,76.144487,22.864462,thermal_roi_avg_celsius,°C
auto-titration-live-20260601-204506-session-8.csv,weak_acid_strong_base,약산-강염기,0.15,11.215475,79.070214,22.772683,thermal_roi_avg_celsius,°C
auto-titration-live-20260601-204506-session-8.csv,weak_acid_strong_base,약산-강염기,0.15,11.448188,76.650184,22.791634,thermal_roi_avg_celsius,°C
auto-titration-live-20260601-204506-session-8.csv,weak_acid_strong_base,약산-강염기,0.15,11.815268,76.437474,22.886209,thermal_roi_avg_celsius,°C
auto-titration-live-20260601-204506-session-8.csv,weak_acid_strong_base,약산-강염기,0.15,12.049453,74.323167,22.854024,thermal_roi_avg_celsius,°C
auto-titration-live-20260601-204506-session-8.csv,weak_acid_strong_base,약산-강염기,0.15,12.269802,70.366676,22.807501,thermal_roi_avg_celsius,°C
auto-titration-live-20260601-204506-session-8.csv,weak_acid_strong_base,약산-강염기,0.15,12.487603,77.905585,22.829457,thermal_roi_avg_celsius,°C
auto-titration-live-20260601-204506-session-8.csv,weak_acid_strong_base,약산-강염기,0.15,12.849767,75.425017,22.757994,thermal_roi_avg_celsius,°C
auto-titration-live-20260601-204506-session-8.csv,weak_acid_strong_base,약산-강염기,0.15,13.071648,75.928683,22.889678,thermal_roi_avg_celsius,°C
auto-titration-live-20260601-204506-session-8.csv,weak_acid_strong_base,약산-강염기,0.15,13.307719,73.717644,22.991962,thermal_roi_avg_celsius,°C
auto-titration-live-20260601-204506-session-8.csv,weak_acid_strong_base,약산-강염기,0.15,13.528844,77.548095,22.998712,thermal_roi_avg_celsius,°C
auto-titration-live-20260601-204506-session-8.csv,weak_acid_strong_base,약산-강염기,0.15,13.892775,78.072084,23.03953,thermal_roi_avg_celsius,°C
auto-titration-live-20260601-204506-session-8.csv,weak_acid_strong_base,약산-강염기,0.15,14.128042,71.430708,23.064691,thermal_roi_avg_celsius,°C
auto-titration-live-20260601-204506-session-8.csv,weak_acid_strong_base,약산-강염기,0.15,14.345343,77.586263,23.063447,thermal_roi_avg_celsius,°C
auto-titration-live-20260601-204506-session-8.csv,weak_acid_strong_base,약산-강염기,0.15,14.555818,81.992705,23.123348,thermal_roi_avg_celsius,°C
auto-titration-live-20260601-204506-session-8.csv,weak_acid_strong_base,약산-강염기,0.15,14.771876,83.623142,23.069305,thermal_roi_avg_celsius,°C
auto-titration-live-20260601-204506-session-8.csv,weak_acid_strong_base,약산-강염기,0.15,15.134015,85.237357,23.132201,thermal_roi_avg_celsius,°C
auto-titration-live-20260601-204506-session-8.csv,weak_acid_strong_base,약산-강염기,0.15,15.339775,77.191791,23.12979,thermal_roi_avg_celsius,°C
auto-titration-live-20260601-204506-session-8.csv,weak_acid_strong_base,약산-강염기,0.15,15.560975,78.056404,22.92302,thermal_roi_avg_celsius,°C
auto-titration-live-20260601-204506-session-8.csv,weak_acid_strong_base,약산-강염기,0.15,15.772559,77.188666,22.862678,thermal_roi_avg_celsius,°C
auto-titration-live-20260601-204506-session-8.csv,weak_acid_strong_base,약산-강염기,0.15,15.990654,82.48075,22.808789,thermal_roi_avg_celsius,°C
auto-titration-live-20260601-204506-session-8.csv,weak_acid_strong_base,약산-강염기,0.15,16.351544,80.697901,22.970699,thermal_roi_avg_celsius,°C
auto-titration-live-20260601-204506-session-8.csv,weak_acid_strong_base,약산-강염기,0.15,16.538536,82.84073,22.953257,thermal_roi_avg_celsius,°C
auto-titration-live-20260601-204506-session-8.csv,weak_acid_strong_base,약산-강염기,0.15,16.774675,84.63994,23.095655,thermal_roi_avg_celsius,°C
auto-titration-live-20260601-204506-session-8.csv,weak_acid_strong_base,약산-강염기,0.15,16.975635,84.196671,23.08678,thermal_roi_avg_celsius,°C
auto-titration-live-20260601-204506-session-8.csv,weak_acid_strong_base,약산-강염기,0.15,17.187348,87.145185,23.092594,thermal_roi_avg_celsius,°C
auto-titration-live-20260601-204506-session-8.csv,weak_acid_strong_base,약산-강염기,0.15,17.562605,83.351755,23.160632,thermal_roi_avg_celsius,°C
auto-titration-live-20260601-204506-session-8.csv,weak_acid_strong_base,약산-강염기,0.15,17.79755,83.922662,23.195032,thermal_roi_avg_celsius,°C
auto-titration-live-20260601-204506-session-8.csv,weak_acid_strong_base,약산-강염기,0.15,18.020448,83.035002,23.222659,thermal_roi_avg_celsius,°C
auto-titration-live-20260601-204506-session-8.csv,weak_acid_strong_base,약산-강염기,0.15,18.235675,89.881309,23.226084,thermal_roi_avg_celsius,°C
auto-titration-live-20260601-204506-session-8.csv,weak_acid_strong_base,약산-강염기,0.15,18.597825,85.811579,23.215259,thermal_roi_avg_celsius,°C
auto-titration-live-20260601-204506-session-8.csv,weak_acid_strong_base,약산-강염기,0.15,18.820377,89.242031,23.193116,thermal_roi_avg_celsius,°C
auto-titration-live-20260601-204506-session-8.csv,weak_acid_strong_base,약산-강염기,0.15,19.052345,85.662986,23.049,thermal_roi_avg_celsius,°C
auto-titration-live-20260601-204506-session-8.csv,weak_acid_strong_base,약산-강염기,0.15,19.256178,79.414449,23.045212,thermal_roi_avg_celsius,°C
auto-titration-live-20260601-204506-session-8.csv,weak_acid_strong_base,약산-강염기,0.15,19.659551,96.376645,22.896626,thermal_roi_avg_celsius,°C
auto-titration-live-20260601-204506-session-8.csv,weak_acid_strong_base,약산-강염기,0.15,19.893932,99.101784,22.91703,thermal_roi_avg_celsius,°C
auto-titration-live-20260601-204506-session-8.csv,weak_acid_strong_base,약산-강염기,0.15,20.11122,111.196046,23.06043,thermal_roi_avg_celsius,°C
auto-titration-live-20260601-204506-session-8.csv,weak_acid_strong_base,약산-강염기,0.15,20.322501,113.875804,23.054142,thermal_roi_avg_celsius,°C
auto-titration-live-20260601-204506-session-8.csv,weak_acid_strong_base,약산-강염기,0.15,20.549012,135.861367,23.03887,thermal_roi_avg_celsius,°C
auto-titration-live-20260601-204506-session-8.csv,weak_acid_strong_base,약산-강염기,0.15,20.939198,147.04403,23.23084,thermal_roi_avg_celsius,°C
auto-titration-live-20260601-204506-session-8.csv,weak_acid_strong_base,약산-강염기,0.15,21.146352,149.977889,23.288506,thermal_roi_avg_celsius,°C
auto-titration-live-20260601-204506-session-8.csv,weak_acid_strong_base,약산-강염기,0.15,21.35925,151.392932,23.280975,thermal_roi_avg_celsius,°C
auto-titration-live-20260601-204506-session-8.csv,weak_acid_strong_base,약산-강염기,0.15,21.603813,150.682176,23.218497,thermal_roi_avg_celsius,°C
auto-titration-live-20260601-204506-session-8.csv,weak_acid_strong_base,약산-강염기,0.15,21.855389,151.92336,23.195847,thermal_roi_avg_celsius,°C
auto-titration-live-20260601-204506-session-8.csv,weak_acid_strong_base,약산-강염기,0.15,22.209477,150.364486,23.136055,thermal_roi_avg_celsius,°C
auto-titration-live-20260601-204506-session-8.csv,weak_acid_strong_base,약산-강염기,0.15,22.415907,151.329534,23.105664,thermal_roi_avg_celsius,°C
auto-titration-live-20260601-204506-session-8.csv,weak_acid_strong_base,약산-강염기,0.15,22.648887,154.704369,23.040973,thermal_roi_avg_celsius,°C
auto-titration-live-20260601-204506-session-8.csv,weak_acid_strong_base,약산-강염기,0.15,22.883806,153.179632,23.028013,thermal_roi_avg_celsius,°C
auto-titration-live-20260601-204506-session-8.csv,weak_acid_strong_base,약산-강염기,0.15,23.080801,153.928744,22.964246,thermal_roi_avg_celsius,°C
auto-titration-live-20260601-204506-session-8.csv,weak_acid_strong_base,약산-강염기,0.15,23.460784,156.203049,22.982294,thermal_roi_avg_celsius,°C
auto-titration-live-20260601-204506-session-8.csv,weak_acid_strong_base,약산-강염기,0.15,23.674081,156.273908,22.969664,thermal_roi_avg_celsius,°C
auto-titration-live-20260601-204506-session-8.csv,weak_acid_strong_base,약산-강염기,0.15,23.885373,154.784601,22.906151,thermal_roi_avg_celsius,°C
auto-titration-live-20260601-204506-session-8.csv,weak_acid_strong_base,약산-강염기,0.15,24.079038,156.792486,22.884789,thermal_roi_avg_celsius,°C
auto-titration-live-20260601-204506-session-8.csv,weak_acid_strong_base,약산-강염기,0.15,24.436751,159.109539,22.923923,thermal_roi_avg_celsius,°C
auto-titration-live-20260601-204506-session-8.csv,weak_acid_strong_base,약산-강염기,0.15,24.647684,159.574661,22.988053,thermal_roi_avg_celsius,°C
auto-titration-live-20260601-204506-session-8.csv,weak_acid_strong_base,약산-강염기,0.15,24.862716,159.864619,22.981534,thermal_roi_avg_celsius,°C
auto-titration-live-20260601-204506-session-8.csv,weak_acid_strong_base,약산-강염기,0.15,25.061695,159.821535,22.945538,thermal_roi_avg_celsius,°C
auto-titration-live-20260601-204506-session-8.csv,weak_acid_strong_base,약산-강염기,0.15,25.447674,162.265841,22.890361,thermal_roi_avg_celsius,°C
auto-titration-live-20260601-204506-session-8.csv,weak_acid_strong_base,약산-강염기,0.15,25.655632,163.768744,22.917382,thermal_roi_avg_celsius,°C
auto-titration-live-20260601-204506-session-8.csv,weak_acid_strong_base,약산-강염기,0.15,25.853022,163.022915,22.933778,thermal_roi_avg_celsius,°C
auto-titration-live-20260601-204506-session-8.csv,weak_acid_strong_base,약산-강염기,0.15,26.054962,164.318496,22.999703,thermal_roi_avg_celsius,°C
auto-titration-live-20260601-204506-session-8.csv,weak_acid_strong_base,약산-강염기,0.15,26.269064,162.589709,23.092451,thermal_roi_avg_celsius,°C
auto-titration-live-20260601-204506-session-8.csv,weak_acid_strong_base,약산-강염기,0.15,26.668486,161.975379,23.019754,thermal_roi_avg_celsius,°C
auto-titration-live-20260601-204506-session-8.csv,weak_acid_strong_base,약산-강염기,0.15,26.869641,163.268305,23.041766,thermal_roi_avg_celsius,°C
auto-titration-live-20260601-204506-session-8.csv,weak_acid_strong_base,약산-강염기,0.15,27.083676,161.808789,23.161888,thermal_roi_avg_celsius,°C
auto-titration-live-20260601-204506-session-8.csv,weak_acid_strong_base,약산-강염기,0.15,27.301972,163.611763,23.176423,thermal_roi_avg_celsius,°C
auto-titration-live-20260601-204506-session-8.csv,weak_acid_strong_base,약산-강염기,0.15,27.535879,161.823001,23.034146,thermal_roi_avg_celsius,°C
auto-titration-live-20260601-204506-session-8.csv,weak_acid_strong_base,약산-강염기,0.15,27.888136,162.582049,23.051676,thermal_roi_avg_celsius,°C
auto-titration-live-20260601-204506-session-8.csv,weak_acid_strong_base,약산-강염기,0.15,28.097766,163.415747,23.129845,thermal_roi_avg_celsius,°C
auto-titration-live-20260601-204506-session-8.csv,weak_acid_strong_base,약산-강염기,0.15,28.321661,161.941121,23.163572,thermal_roi_avg_celsius,°C
auto-titration-live-20260601-204506-session-8.csv,weak_acid_strong_base,약산-강염기,0.15,28.531234,165.067741,23.180596,thermal_roi_avg_celsius,°C
auto-titration-live-20260601-204506-session-8.csv,weak_acid_strong_base,약산-강염기,0.15,28.741945,164.431033,23.161183,thermal_roi_avg_celsius,°C
auto-titration-live-20260601-204506-session-8.csv,weak_acid_strong_base,약산-강염기,0.15,29.108669,164.752392,23.184868,thermal_roi_avg_celsius,°C
auto-titration-live-20260601-204506-session-8.csv,weak_acid_strong_base,약산-강염기,0.15,29.341411,164.777557,23.123668,thermal_roi_avg_celsius,°C
auto-titration-live-20260601-204506-session-8.csv,weak_acid_strong_base,약산-강염기,0.15,29.564522,163.150376,23.08754,thermal_roi_avg_celsius,°C
auto-titration-live-20260601-204506-session-8.csv,weak_acid_strong_base,약산-강염기,0.15,29.77752,167.104778,23.031525,thermal_roi_avg_celsius,°C
auto-titration-live-20260601-204506-session-8.csv,weak_acid_strong_base,약산-강염기,0.15,30.12116,169.07934,23.029554,thermal_roi_avg_celsius,°C
auto-titration-live-20260601-204506-session-8.csv,weak_acid_strong_base,약산-강염기,0.15,30.354408,168.378744,23.043968,thermal_roi_avg_celsius,°C
auto-titration-live-20260601-204506-session-8.csv,weak_acid_strong_base,약산-강염기,0.15,30.567283,171.040179,23.174165,thermal_roi_avg_celsius,°C
auto-titration-live-20260601-204506-session-8.csv,weak_acid_strong_base,약산-강염기,0.15,30.801681,169.283761,23.14046,thermal_roi_avg_celsius,°C
auto-titration-live-20260601-204506-session-8.csv,weak_acid_strong_base,약산-강염기,0.15,31.169693,171.171312,23.155457,thermal_roi_avg_celsius,°C
auto-titration-live-20260601-204506-session-8.csv,weak_acid_strong_base,약산-강염기,0.15,31.399353,170.168845,23.189515,thermal_roi_avg_celsius,°C
auto-titration-live-20260601-204506-session-8.csv,weak_acid_strong_base,약산-강염기,0.15,31.60594,169.962825,23.231831,thermal_roi_avg_celsius,°C
auto-titration-live-20260601-204506-session-8.csv,weak_acid_strong_base,약산-강염기,0.15,31.834917,171.567798,23.225368,thermal_roi_avg_celsius,°C
auto-titration-live-20260601-204506-session-8.csv,weak_acid_strong_base,약산-강염기,0.15,32.040273,171.723101,23.261353,thermal_roi_avg_celsius,°C
auto-titration-live-20260601-204506-session-8.csv,weak_acid_strong_base,약산-강염기,0.15,32.401433,171.603628,23.25359,thermal_roi_avg_celsius,°C
auto-titration-live-20260601-204506-session-8.csv,weak_acid_strong_base,약산-강염기,0.15,32.614013,171.369076,23.164035,thermal_roi_avg_celsius,°C
auto-titration-live-20260601-204506-session-8.csv,weak_acid_strong_base,약산-강염기,0.15,32.837034,172.057603,23.132829,thermal_roi_avg_celsius,°C
auto-titration-live-20260601-204506-session-8.csv,weak_acid_strong_base,약산-강염기,0.15,33.046643,174.596909,23.150095,thermal_roi_avg_celsius,°C
auto-titration-live-20260601-204506-session-8.csv,weak_acid_strong_base,약산-강염기,0.15,33.280316,173.542894,23.133523,thermal_roi_avg_celsius,°C
auto-titration-live-20260601-204506-session-8.csv,weak_acid_strong_base,약산-강염기,0.15,33.626611,173.011825,23.123106,thermal_roi_avg_celsius,°C
auto-titration-live-20260601-204506-session-8.csv,weak_acid_strong_base,약산-강염기,0.15,33.839643,175.364986,23.15037,thermal_roi_avg_celsius,°C
auto-titration-live-20260601-204506-session-8.csv,weak_acid_strong_base,약산-강염기,0.15,34.045567,175.894254,23.01622,thermal_roi_avg_celsius,°C
auto-titration-live-20260601-204506-session-8.csv,weak_acid_strong_base,약산-강염기,0.15,34.253846,176.476413,23.008556,thermal_roi_avg_celsius,°C
auto-titration-live-20260601-204506-session-8.csv,weak_acid_strong_base,약산-강염기,0.15,34.477145,174.986618,23.113163,thermal_roi_avg_celsius,°C
auto-titration-live-20260601-204506-session-8.csv,weak_acid_strong_base,약산-강염기,0.15,34.84685,177.950094,23.07426,thermal_roi_avg_celsius,°C
auto-titration-live-20260601-204506-session-8.csv,weak_acid_strong_base,약산-강염기,0.15,35.053371,177.638751,22.999295,thermal_roi_avg_celsius,°C
auto-titration-live-20260601-204506-session-8.csv,weak_acid_strong_base,약산-강염기,0.15,35.26839,177.454632,23.041358,thermal_roi_avg_celsius,°C
auto-titration-live-20260601-204506-session-8.csv,weak_acid_strong_base,약산-강염기,0.15,35.498946,179.977132,23.016748,thermal_roi_avg_celsius,°C
auto-titration-live-20260601-204506-session-8.csv,weak_acid_strong_base,약산-강염기,0.15,35.863349,180.540171,23.000606,thermal_roi_avg_celsius,°C
auto-titration-live-20260601-204506-session-8.csv,weak_acid_strong_base,약산-강염기,0.15,36.062245,179.721051,23.045168,thermal_roi_avg_celsius,°C
auto-titration-live-20260601-204506-session-8.csv,weak_acid_strong_base,약산-강염기,0.15,36.26318,179.620375,23.156217,thermal_roi_avg_celsius,°C
auto-titration-live-20260601-204506-session-8.csv,weak_acid_strong_base,약산-강염기,0.15,36.497528,180.802967,23.16148,thermal_roi_avg_celsius,°C
auto-titration-live-20260601-204506-session-8.csv,weak_acid_strong_base,약산-강염기,0.15,36.872867,180.112004,23.157153,thermal_roi_avg_celsius,°C
auto-titration-live-20260601-204506-session-8.csv,weak_acid_strong_base,약산-강염기,0.15,37.080853,180.466735,23.268235,thermal_roi_avg_celsius,°C
auto-titration-live-20260601-204506-session-8.csv,weak_acid_strong_base,약산-강염기,0.15,37.299622,181.802874,23.326099,thermal_roi_avg_celsius,°C
auto-titration-live-20260601-204506-session-8.csv,weak_acid_strong_base,약산-강염기,0.15,37.532264,182.567103,23.315143,thermal_roi_avg_celsius,°C
auto-titration-live-20260601-204506-session-8.csv,weak_acid_strong_base,약산-강염기,0.15,37.771843,182.153359,23.254074,thermal_roi_avg_celsius,°C
auto-titration-live-20260601-204506-session-8.csv,weak_acid_strong_base,약산-강염기,0.15,38.120507,184.424808,23.251729,thermal_roi_avg_celsius,°C
auto-titration-live-20260601-204506-session-8.csv,weak_acid_strong_base,약산-강염기,0.15,38.351346,182.68083,23.406768,thermal_roi_avg_celsius,°C
auto-titration-live-20260601-204506-session-8.csv,weak_acid_strong_base,약산-강염기,0.15,38.571222,182.707541,23.321331,thermal_roi_avg_celsius,°C
auto-titration-live-20260601-204506-session-8.csv,weak_acid_strong_base,약산-강염기,0.15,38.785717,183.669582,23.247555,thermal_roi_avg_celsius,°C
auto-titration-live-20260601-220325-session-15.csv,weak_acid_weak_base,약산-약염기,0.15,0.0,46.558912,21.143389,thermal_roi_avg_celsius,°C
auto-titration-live-20260601-220325-session-15.csv,weak_acid_weak_base,약산-약염기,0.15,0.419954,48.502644,21.197267,thermal_roi_avg_celsius,°C
auto-titration-live-20260601-220325-session-15.csv,weak_acid_weak_base,약산-약염기,0.15,0.691175,50.161014,21.244318,thermal_roi_avg_celsius,°C
auto-titration-live-20260601-220325-session-15.csv,weak_acid_weak_base,약산-약염기,0.15,0.953542,47.640819,21.176191,thermal_roi_avg_celsius,°C
auto-titration-live-20260601-220325-session-15.csv,weak_acid_weak_base,약산-약염기,0.15,1.21512,49.182216,21.273355,thermal_roi_avg_celsius,°C
auto-titration-live-20260601-220325-session-15.csv,weak_acid_weak_base,약산-약염기,0.15,1.683379,44.324483,21.255814,thermal_roi_avg_celsius,°C
auto-titration-live-20260601-220325-session-15.csv,weak_acid_weak_base,약산-약염기,0.15,1.953983,47.510947,21.164035,thermal_roi_avg_celsius,°C
auto-titration-live-20260601-220325-session-15.csv,weak_acid_weak_base,약산-약염기,0.15,2.245398,47.755243,21.143312,thermal_roi_avg_celsius,°C
auto-titration-live-20260601-220325-session-15.csv,weak_acid_weak_base,약산-약염기,0.15,2.519277,49.043273,21.167889,thermal_roi_avg_celsius,°C
auto-titration-live-20260601-220325-session-15.csv,weak_acid_weak_base,약산-약염기,0.15,2.797112,46.093353,21.15048,thermal_roi_avg_celsius,°C
auto-titration-live-20260601-220325-session-15.csv,weak_acid_weak_base,약산-약염기,0.15,3.223366,41.669354,21.230268,thermal_roi_avg_celsius,°C
auto-titration-live-20260601-220325-session-15.csv,weak_acid_weak_base,약산-약염기,0.15,3.503625,45.808041,21.296732,thermal_roi_avg_celsius,°C
auto-titration-live-20260601-220325-session-15.csv,weak_acid_weak_base,약산-약염기,0.15,3.789937,44.088198,21.263335,thermal_roi_avg_celsius,°C
auto-titration-live-20260601-220325-session-15.csv,weak_acid_weak_base,약산-약염기,0.15,4.057051,48.600169,21.188568,thermal_roi_avg_celsius,°C
auto-titration-live-20260601-220325-session-15.csv,weak_acid_weak_base,약산-약염기,0.15,4.501182,45.733143,21.283452,thermal_roi_avg_celsius,°C
auto-titration-live-20260601-220325-session-15.csv,weak_acid_weak_base,약산-약염기,0.15,4.793337,44.476683,21.436762,thermal_roi_avg_celsius,°C
auto-titration-live-20260601-220325-session-15.csv,weak_acid_weak_base,약산-약염기,0.15,5.049164,46.483131,21.290709,thermal_roi_avg_celsius,°C
auto-titration-live-20260601-220325-session-15.csv,weak_acid_weak_base,약산-약염기,0.15,5.334275,47.367286,21.269875,thermal_roi_avg_celsius,°C
auto-titration-live-20260601-220325-session-15.csv,weak_acid_weak_base,약산-약염기,0.15,5.815531,47.514064,21.309439,thermal_roi_avg_celsius,°C
auto-titration-live-20260601-220325-session-15.csv,weak_acid_weak_base,약산-약염기,0.15,6.075763,45.889283,21.39939,thermal_roi_avg_celsius,°C
auto-titration-live-20260601-220325-session-15.csv,weak_acid_weak_base,약산-약염기,0.15,6.337925,46.2104,21.304065,thermal_roi_avg_celsius,°C
auto-titration-live-20260601-220325-session-15.csv,weak_acid_weak_base,약산-약염기,0.15,6.612619,46.783988,21.260879,thermal_roi_avg_celsius,°C
auto-titration-live-20260601-220325-session-15.csv,weak_acid_weak_base,약산-약염기,0.15,7.076457,49.734771,21.430122,thermal_roi_avg_celsius,°C
auto-titration-live-20260601-220325-session-15.csv,weak_acid_weak_base,약산-약염기,0.15,7.351556,45.664467,21.369979,thermal_roi_avg_celsius,°C
auto-titration-live-20260601-220325-session-15.csv,weak_acid_weak_base,약산-약염기,0.15,7.626326,43.469796,21.229508,thermal_roi_avg_celsius,°C
auto-titration-live-20260601-220325-session-15.csv,weak_acid_weak_base,약산-약염기,0.15,7.918776,43.607992,21.204204,thermal_roi_avg_celsius,°C
auto-titration-live-20260601-220325-session-15.csv,weak_acid_weak_base,약산-약염기,0.15,8.399071,47.441968,21.206197,thermal_roi_avg_celsius,°C
auto-titration-live-20260601-220325-session-15.csv,weak_acid_weak_base,약산-약염기,0.15,8.666761,49.446105,21.239793,thermal_roi_avg_celsius,°C
auto-titration-live-20260601-220325-session-15.csv,weak_acid_weak_base,약산-약염기,0.15,8.946639,42.177478,21.257928,thermal_roi_avg_celsius,°C
auto-titration-live-20260601-220325-session-15.csv,weak_acid_weak_base,약산-약염기,0.15,9.208793,44.865926,21.252026,thermal_roi_avg_celsius,°C
auto-titration-live-20260601-220325-session-15.csv,weak_acid_weak_base,약산-약염기,0.15,9.652526,47.094922,21.425244,thermal_roi_avg_celsius,°C
auto-titration-live-20260601-220325-session-15.csv,weak_acid_weak_base,약산-약염기,0.15,9.928792,47.608495,21.311289,thermal_roi_avg_celsius,°C
auto-titration-live-20260601-220325-session-15.csv,weak_acid_weak_base,약산-약염기,0.15,10.204501,50.01755,21.208212,thermal_roi_avg_celsius,°C
auto-titration-live-20260601-220325-session-15.csv,weak_acid_weak_base,약산-약염기,0.15,10.473068,47.504509,21.347879,thermal_roi_avg_celsius,°C
auto-titration-live-20260601-220325-session-15.csv,weak_acid_weak_base,약산-약염기,0.15,10.943584,48.119079,21.438381,thermal_roi_avg_celsius,°C
auto-titration-live-20260601-220325-session-15.csv,weak_acid_weak_base,약산-약염기,0.15,11.213265,48.447977,21.523135,thermal_roi_avg_celsius,°C
auto-titration-live-20260601-220325-session-15.csv,weak_acid_weak_base,약산-약염기,0.15,11.493944,48.062061,21.557468,thermal_roi_avg_celsius,°C
auto-titration-live-20260601-220325-session-15.csv,weak_acid_weak_base,약산-약염기,0.15,11.755744,44.975355,21.506034,thermal_roi_avg_celsius,°C
auto-titration-live-20260601-220325-session-15.csv,weak_acid_weak_base,약산-약염기,0.15,12.209628,44.735024,21.618074,thermal_roi_avg_celsius,°C
auto-titration-live-20260601-220325-session-15.csv,weak_acid_weak_base,약산-약염기,0.15,12.483591,47.583917,21.592164,thermal_roi_avg_celsius,°C
auto-titration-live-20260601-220325-session-15.csv,weak_acid_weak_base,약산-약염기,0.15,12.764637,46.635895,21.623778,thermal_roi_avg_celsius,°C
auto-titration-live-20260601-220325-session-15.csv,weak_acid_weak_base,약산-약염기,0.15,13.047106,47.277052,21.612084,thermal_roi_avg_celsius,°C
auto-titration-live-20260601-220325-session-15.csv,weak_acid_weak_base,약산-약염기,0.15,13.324247,46.948657,21.624725,thermal_roi_avg_celsius,°C
auto-titration-live-20260601-220325-session-15.csv,weak_acid_weak_base,약산-약염기,0.15,13.775835,50.909434,21.56294,thermal_roi_avg_celsius,°C
auto-titration-live-20260601-220325-session-15.csv,weak_acid_weak_base,약산-약염기,0.15,14.045456,49.451822,21.56751,thermal_roi_avg_celsius,°C
auto-titration-live-20260601-220325-session-15.csv,weak_acid_weak_base,약산-약염기,0.15,14.327196,50.262752,21.612678,thermal_roi_avg_celsius,°C
auto-titration-live-20260601-220325-session-15.csv,weak_acid_weak_base,약산-약염기,0.15,14.610166,51.831954,21.61585,thermal_roi_avg_celsius,°C
auto-titration-live-20260601-220325-session-15.csv,weak_acid_weak_base,약산-약염기,0.15,15.103461,51.731557,21.760428,thermal_roi_avg_celsius,°C
auto-titration-live-20260601-220325-session-15.csv,weak_acid_weak_base,약산-약염기,0.15,15.385181,51.977668,21.714841,thermal_roi_avg_celsius,°C
auto-titration-live-20260601-220325-session-15.csv,weak_acid_weak_base,약산-약염기,0.15,15.653454,52.707446,21.68848,thermal_roi_avg_celsius,°C
auto-titration-live-20260601-220325-session-15.csv,weak_acid_weak_base,약산-약염기,0.15,15.941059,49.39056,21.699095,thermal_roi_avg_celsius,°C
auto-titration-live-20260601-220325-session-15.csv,weak_acid_weak_base,약산-약염기,0.15,16.39911,116.905967,21.69806,thermal_roi_avg_celsius,°C
auto-titration-live-20260601-220325-session-15.csv,weak_acid_weak_base,약산-약염기,0.15,16.662715,125.483165,21.771626,thermal_roi_avg_celsius,°C
auto-titration-live-20260601-220325-session-15.csv,weak_acid_weak_base,약산-약염기,0.15,16.93345,129.362069,21.649687,thermal_roi_avg_celsius,°C
auto-titration-live-20260601-220325-session-15.csv,weak_acid_weak_base,약산-약염기,0.15,17.191941,128.266327,21.637344,thermal_roi_avg_celsius,°C
auto-titration-live-20260601-220325-session-15.csv,weak_acid_weak_base,약산-약염기,0.15,17.476766,132.155606,21.57415,thermal_roi_avg_celsius,°C
auto-titration-live-20260601-220325-session-15.csv,weak_acid_weak_base,약산-약염기,0.15,17.969079,132.863623,21.694756,thermal_roi_avg_celsius,°C
auto-titration-live-20260601-220325-session-15.csv,weak_acid_weak_base,약산-약염기,0.15,18.222172,130.409268,21.746719,thermal_roi_avg_celsius,°C
auto-titration-live-20260601-220325-session-15.csv,weak_acid_weak_base,약산-약염기,0.15,18.50517,133.706729,21.729827,thermal_roi_avg_celsius,°C
auto-titration-live-20260601-220325-session-15.csv,weak_acid_weak_base,약산-약염기,0.15,18.77406,132.972452,21.648069,thermal_roi_avg_celsius,°C
auto-titration-live-20260601-220325-session-15.csv,weak_acid_weak_base,약산-약염기,0.15,19.223886,137.697204,21.723628,thermal_roi_avg_celsius,°C
auto-titration-live-20260601-220325-session-15.csv,weak_acid_weak_base,약산-약염기,0.15,19.498855,139.520207,21.704237,thermal_roi_avg_celsius,°C
auto-titration-live-20260601-220325-session-15.csv,weak_acid_weak_base,약산-약염기,0.15,19.776664,137.18132,21.727911,thermal_roi_avg_celsius,°C
auto-titration-live-20260601-220325-session-15.csv,weak_acid_weak_base,약산-약염기,0.15,20.037631,141.675566,21.732988,thermal_roi_avg_celsius,°C
auto-titration-live-20260601-220325-session-15.csv,weak_acid_weak_base,약산-약염기,0.15,20.35526,143.126521,21.630946,thermal_roi_avg_celsius,°C
auto-titration-live-20260601-220325-session-15.csv,weak_acid_weak_base,약산-약염기,0.15,20.807673,144.115279,21.690583,thermal_roi_avg_celsius,°C
auto-titration-live-20260601-220325-session-15.csv,weak_acid_weak_base,약산-약염기,0.15,21.075183,142.615904,21.682721,thermal_roi_avg_celsius,°C
auto-titration-live-20260601-220325-session-15.csv,weak_acid_weak_base,약산-약염기,0.15,21.356678,144.807688,21.692268,thermal_roi_avg_celsius,°C
auto-titration-live-20260601-220325-session-15.csv,weak_acid_weak_base,약산-약염기,0.15,21.620294,143.811799,21.645085,thermal_roi_avg_celsius,°C
auto-titration-live-20260601-220325-session-15.csv,weak_acid_weak_base,약산-약염기,0.15,22.068772,145.331652,21.818226,thermal_roi_avg_celsius,°C
auto-titration-live-20260601-220325-session-15.csv,weak_acid_weak_base,약산-약염기,0.15,22.360514,139.521742,21.899974,thermal_roi_avg_celsius,°C
auto-titration-live-20260601-220325-session-15.csv,weak_acid_weak_base,약산-약염기,0.15,22.643934,144.124001,21.967858,thermal_roi_avg_celsius,°C
auto-titration-live-20260601-220325-session-15.csv,weak_acid_weak_base,약산-약염기,0.15,22.893723,145.411181,21.992435,thermal_roi_avg_celsius,°C
auto-titration-live-20260601-220325-session-15.csv,weak_acid_weak_base,약산-약염기,0.15,23.353403,144.750672,21.923373,thermal_roi_avg_celsius,°C
auto-titration-live-20260601-220325-session-15.csv,weak_acid_weak_base,약산-약염기,0.15,23.627085,143.852696,22.036723,thermal_roi_avg_celsius,°C
auto-titration-live-20260601-220325-session-15.csv,weak_acid_weak_base,약산-약염기,0.15,23.881659,144.851257,21.950747,thermal_roi_avg_celsius,°C
auto-titration-live-20260601-220325-session-15.csv,weak_acid_weak_base,약산-약염기,0.15,24.146258,145.312966,21.916623,thermal_roi_avg_celsius,°C
auto-titration-live-20260601-220325-session-15.csv,weak_acid_weak_base,약산-약염기,0.15,24.634176,145.505958,21.993162,thermal_roi_avg_celsius,°C
auto-titration-live-20260601-220325-session-15.csv,weak_acid_weak_base,약산-약염기,0.15,24.892943,144.573676,21.984155,thermal_roi_avg_celsius,°C
auto-titration-live-20260601-220325-session-15.csv,weak_acid_weak_base,약산-약염기,0.15,25.173538,146.155701,21.972362,thermal_roi_avg_celsius,°C
auto-titration-live-20260601-220325-session-15.csv,weak_acid_weak_base,약산-약염기,0.15,25.458876,140.735828,21.956946,thermal_roi_avg_celsius,°C
auto-titration-live-20260601-220325-session-15.csv,weak_acid_weak_base,약산-약염기,0.15,25.905762,143.825488,22.008578,thermal_roi_avg_celsius,°C
auto-titration-live-20260601-220325-session-15.csv,weak_acid_weak_base,약산-약염기,0.15,26.191607,144.550118,21.980422,thermal_roi_avg_celsius,°C
auto-titration-live-20260601-220325-session-15.csv,weak_acid_weak_base,약산-약염기,0.15,26.50907,146.478131,21.977328,thermal_roi_avg_celsius,°C
auto-titration-live-20260601-220325-session-15.csv,weak_acid_weak_base,약산-약염기,0.15,26.778318,146.98081,21.948875,thermal_roi_avg_celsius,°C
auto-titration-live-20260601-220325-session-15.csv,weak_acid_weak_base,약산-약염기,0.15,27.050904,146.454916,21.971492,thermal_roi_avg_celsius,°C
auto-titration-live-20260601-220325-session-15.csv,weak_acid_weak_base,약산-약염기,0.15,27.544126,147.251197,21.875639,thermal_roi_avg_celsius,°C
auto-titration-live-20260601-220325-session-15.csv,weak_acid_weak_base,약산-약염기,0.15,27.818768,146.070197,21.929043,thermal_roi_avg_celsius,°C
auto-titration-live-20260601-220325-session-15.csv,weak_acid_weak_base,약산-약염기,0.15,28.093393,148.795699,21.930563,thermal_roi_avg_celsius,°C
auto-titration-live-20260601-220325-session-15.csv,weak_acid_weak_base,약산-약염기,0.15,28.388575,150.16759,22.01394,thermal_roi_avg_celsius,°C
auto-titration-live-20260601-220325-session-15.csv,weak_acid_weak_base,약산-약염기,0.15,28.822553,148.419206,21.875903,thermal_roi_avg_celsius,°C
auto-titration-live-20260601-220325-session-15.csv,weak_acid_weak_base,약산-약염기,0.15,29.11745,150.820008,21.912515,thermal_roi_avg_celsius,°C
auto-titration-live-20260601-220325-session-15.csv,weak_acid_weak_base,약산-약염기,0.15,29.396023,148.411749,21.909036,thermal_roi_avg_celsius,°C
auto-titration-live-20260601-220325-session-15.csv,weak_acid_weak_base,약산-약염기,0.15,29.659965,150.74585,21.935276,thermal_roi_avg_celsius,°C
auto-titration-live-20260601-220325-session-15.csv,weak_acid_weak_base,약산-약염기,0.15,30.144703,151.988954,22.013654,thermal_roi_avg_celsius,°C
auto-titration-live-20260601-220325-session-15.csv,weak_acid_weak_base,약산-약염기,0.15,30.415163,150.314899,21.956538,thermal_roi_avg_celsius,°C
auto-titration-live-20260601-220325-session-15.csv,weak_acid_weak_base,약산-약염기,0.15,30.684929,151.612488,21.967726,thermal_roi_avg_celsius,°C
auto-titration-live-20260601-220325-session-15.csv,weak_acid_weak_base,약산-약염기,0.15,30.945463,151.444708,21.990883,thermal_roi_avg_celsius,°C
auto-titration-live-20260601-220325-session-15.csv,weak_acid_weak_base,약산-약염기,0.15,31.229599,153.406784,22.07056,thermal_roi_avg_celsius,°C
auto-titration-live-20260601-220325-session-15.csv,weak_acid_weak_base,약산-약염기,0.15,31.671839,153.709705,22.000462,thermal_roi_avg_celsius,°C
auto-titration-live-20260601-220325-session-15.csv,weak_acid_weak_base,약산-약염기,0.15,31.941978,155.351686,21.980037,thermal_roi_avg_celsius,°C
auto-titration-live-20260601-220325-session-15.csv,weak_acid_weak_base,약산-약염기,0.15,32.215946,152.604333,22.082155,thermal_roi_avg_celsius,°C
auto-titration-live-20260601-220325-session-15.csv,weak_acid_weak_base,약산-약염기,0.15,32.517964,151.686538,22.163694,thermal_roi_avg_celsius,°C
auto-titration-live-20260601-220325-session-15.csv,weak_acid_weak_base,약산-약염기,0.15,32.979141,154.169745,22.020272,thermal_roi_avg_celsius,°C
auto-titration-live-20260601-220325-session-15.csv,weak_acid_weak_base,약산-약염기,0.15,33.245311,152.246539,22.014458,thermal_roi_avg_celsius,°C
auto-titration-live-20260601-220325-session-15.csv,weak_acid_weak_base,약산-약염기,0.15,33.518763,157.127972,22.039773,thermal_roi_avg_celsius,°C
auto-titration-live-20260601-220325-session-15.csv,weak_acid_weak_base,약산-약염기,0.15,33.772912,154.29054,22.0453,thermal_roi_avg_celsius,°C
auto-titration-live-20260601-220325-session-15.csv,weak_acid_weak_base,약산-약염기,0.15,34.27109,156.60255,22.05303,thermal_roi_avg_celsius,°C
auto-titration-live-20260601-220325-session-15.csv,weak_acid_weak_base,약산-약염기,0.15,34.546424,155.815608,22.080735,thermal_roi_avg_celsius,°C
auto-titration-live-20260601-220325-session-15.csv,weak_acid_weak_base,약산-약염기,0.15,34.830445,156.682488,22.207331,thermal_roi_avg_celsius,°C
auto-titration-live-20260601-220325-session-15.csv,weak_acid_weak_base,약산-약염기,0.15,35.119832,154.988149,22.233968,thermal_roi_avg_celsius,°C
auto-titration-live-20260601-220325-session-15.csv,weak_acid_weak_base,약산-약염기,0.15,35.385366,156.566734,22.254405,thermal_roi_avg_celsius,°C
auto-titration-live-20260601-220325-session-15.csv,weak_acid_weak_base,약산-약염기,0.15,35.815222,156.820068,22.196023,thermal_roi_avg_celsius,°C
auto-titration-live-20260601-220325-session-15.csv,weak_acid_weak_base,약산-약염기,0.15,36.112645,155.134115,22.202905,thermal_roi_avg_celsius,°C
auto-titration-live-20260601-220325-session-15.csv,weak_acid_weak_base,약산-약염기,0.15,36.387302,157.389953,22.18075,thermal_roi_avg_celsius,°C
auto-titration-live-20260601-220325-session-15.csv,weak_acid_weak_base,약산-약염기,0.15,36.674656,154.985448,22.078015,thermal_roi_avg_celsius,°C
auto-titration-live-20260601-220325-session-15.csv,weak_acid_weak_base,약산-약염기,0.15,37.143147,155.208731,22.122302,thermal_roi_avg_celsius,°C
auto-titration-live-20260601-220325-session-15.csv,weak_acid_weak_base,약산-약염기,0.15,37.420169,155.56711,22.116147,thermal_roi_avg_celsius,°C
auto-titration-live-20260601-220325-session-15.csv,weak_acid_weak_base,약산-약염기,0.15,37.661864,157.324627,22.067862,thermal_roi_avg_celsius,°C
auto-titration-live-20260601-220325-session-15.csv,weak_acid_weak_base,약산-약염기,0.15,37.942871,158.177825,22.029345,thermal_roi_avg_celsius,°C
