method,method_label,column,mape_or_ape_percent
manual_current,수동 적정 (현재 기록),강산-강염기,2.2499999999999987
manual_current,수동 적정 (현재 기록),강산-약염기,1.8888888888888882
manual_current,수동 적정 (현재 기록),약산-강염기,2.138888888888888
manual_current,수동 적정 (현재 기록),약산-약염기,1.722222222222223
color_major_slope,색상 기울기 (비ML),강산-강염기,1.3055555555555542
color_major_slope,색상 기울기 (비ML),강산-약염기,5.111111111111111
color_major_slope,색상 기울기 (비ML),약산-강염기,11.361111111111116
color_major_slope,색상 기울기 (비ML),약산-약염기,0.91666666666667
color_thermal_adaptive_threshold,색상+열 임계값 (비ML),강산-강염기,5.166666666666667
color_thermal_adaptive_threshold,색상+열 임계값 (비ML),강산-약염기,7.999999999999999
color_thermal_adaptive_threshold,색상+열 임계값 (비ML),약산-강염기,4.861111111111115
color_thermal_adaptive_threshold,색상+열 임계값 (비ML),약산-약염기,4.555555555555557
machine_learning_color,색상 ML (이전 파이프라인),강산-강염기,1.2810119444444428
machine_learning_color,색상 ML (이전 파이프라인),강산-약염기,1.8049394444444407
machine_learning_color,색상 ML (이전 파이프라인),약산-강염기,1.3176641666666653
machine_learning_color,색상 ML (이전 파이프라인),약산-약염기,1.804609444444445
machine_learning_thermal,열 ML (이전 파이프라인),강산-강염기,1.2823797222222153
machine_learning_thermal,열 ML (이전 파이프라인),강산-약염기,1.9181533333333354
machine_learning_thermal,열 ML (이전 파이프라인),약산-강염기,5.035558611111111
machine_learning_thermal,열 ML (이전 파이프라인),약산-약염기,6.410095833333334
machine_learning_fusion,융합 ML (이전 파이프라인),강산-강염기,0.24859749999999378
machine_learning_fusion,융합 ML (이전 파이프라인),강산-약염기,0.9685583333333367
machine_learning_fusion,융합 ML (이전 파이프라인),약산-강염기,3.214695555555556
machine_learning_fusion,융합 ML (이전 파이프라인),약산-약염기,1.6661341666666687
current_final_model,최종 선택 모델 (현재),강산-강염기,0.24859749999999378
current_final_model,최종 선택 모델 (현재),강산-약염기,0.3156827777777791
current_final_model,최종 선택 모델 (현재),약산-강염기,0.16275555555555007
current_final_model,최종 선택 모델 (현재),약산-약염기,0.45296444444444955
