condition,titration_type,actual_equivalence_volume_ml,predicted_equivalence_volume_ml,signed_error_ml,signed_error_percent
강-강 20,strong_acid_strong_base,20.0,20.059955,0.05995499999999865,0.29977499999999324
강-강 30,strong_acid_strong_base,30.0,29.898264,-0.10173599999999894,-0.3391199999999964
강-강 40,strong_acid_strong_base,40.0,39.957241,-0.04275899999999666,-0.10689749999999165
강-약 20,strong_acid_weak_base,20.0,20.114089,0.11408899999999988,0.5704449999999994
강-약 30,strong_acid_weak_base,30.0,29.923952,-0.07604800000000012,-0.25349333333333374
강-약 40,strong_acid_weak_base,40.0,40.049244,0.04924400000000162,0.12311000000000405
약-강 20,weak_acid_strong_base,20.0,20.007436,0.007435999999998444,0.03717999999999222
약-강 30,weak_acid_strong_base,30.0,30.12116,0.12115999999999971,0.40386666666666576
약-강 40,weak_acid_strong_base,40.0,40.018888,0.018887999999996907,0.04721999999999227
약-약 20,weak_acid_weak_base,20.0,20.156127,0.15612700000000146,0.7806350000000073
약-약 30,weak_acid_weak_base,30.0,30.144703,0.1447029999999998,0.4823433333333326
약-약 40,weak_acid_weak_base,40.0,40.038366,0.03836600000000345,0.09591500000000863
