volume_group_ml,method,method_label,mape_percent,condition_count
20,manual_current,수동 적정 (현재 기록),1.3750000000000018,4
20,color_major_slope,색상 기울기 (비ML),8.250000000000002,4
20,color_thermal_adaptive_threshold,색상+열 임계값 (비ML),2.749999999999999,4
20,machine_learning_color,색상 ML (이전 파이프라인),0.3458212500000002,4
20,machine_learning_thermal,열 ML (이전 파이프라인),6.56536,4
20,machine_learning_fusion,융합 ML (이전 파이프라인),0.47874375000000136,4
20,current_final_model,최종 선택 모델 (현재),0.42200874999999805,4
30,manual_current,수동 적정 (현재 기록),1.999999999999999,4
30,color_major_slope,색상 기울기 (비ML),4.083333333333335,4
30,color_thermal_adaptive_threshold,색상+열 임계값 (비ML),1.25,4
30,machine_learning_color,색상 ML (이전 파이프라인),1.4999374999999986,4
30,machine_learning_thermal,열 ML (이전 파이프라인),3.2899250000000007,4
30,machine_learning_fusion,융합 ML (이전 파이프라인),3.048659166666665,4
30,current_final_model,최종 선택 모델 (현재),0.3697058333333321,4
40,manual_current,수동 적정 (현재 기록),2.6249999999999973,4
40,color_major_slope,색상 기울기 (비ML),1.6875000000000018,4
40,color_thermal_adaptive_threshold,색상+열 임계값 (비ML),12.937500000000004,4
40,machine_learning_color,색상 ML (이전 파이프라인),2.8104099999999965,4
40,machine_learning_thermal,열 ML (이전 파이프라인),1.129355624999997,4
40,machine_learning_fusion,융합 ML (이전 파이프라인),1.04608625,4
40,current_final_model,최종 선택 모델 (현재),0.09328562499999915,4
