titration_type,type_label,concentration_M,condition,theoretical_ml,smart_predicted_ml,smart_signed_error_ml,smart_abs_error_ml,smart_abs_percentage_error,manual_endpoint_ml,manual_signed_error_ml,manual_abs_error_ml,manual_abs_percentage_error
strong_acid_strong_base,강산-강염기,0.1,강산-강염기 0.10 M,20.0,20.059955,0.05995499999999865,0.05995499999999865,0.29977499999999324,20.1,0.10000000000000142,0.10000000000000142,0.5000000000000071
strong_acid_strong_base,강산-강염기,0.15,강산-강염기 0.15 M,30.0,29.898264,-0.10173599999999894,0.10173599999999894,0.3391199999999964,29.1,-0.8999999999999986,0.8999999999999986,2.9999999999999956
strong_acid_strong_base,강산-강염기,0.2,강산-강염기 0.20 M,40.0,39.957241,-0.04275899999999666,0.04275899999999666,0.10689749999999165,41.3,1.2999999999999972,1.2999999999999972,3.2499999999999933
strong_acid_weak_base,강산-약염기,0.1,강산-약염기 0.10 M,20.0,19.83036,-0.16964000000000112,0.16964000000000112,0.8482000000000055,19.6,-0.3999999999999986,0.3999999999999986,1.9999999999999927
strong_acid_weak_base,강산-약염기,0.15,강산-약염기 0.15 M,30.0,29.912268,-0.08773199999999903,0.08773199999999903,0.29243999999999676,30.2,0.1999999999999993,0.1999999999999993,0.6666666666666643
strong_acid_weak_base,강산-약염기,0.2,강산-약염기 0.20 M,40.0,40.706014,0.7060140000000033,0.7060140000000033,1.7650350000000081,38.8,-1.2000000000000028,1.2000000000000028,3.000000000000007
weak_acid_strong_base,약산-강염기,0.1,약산-강염기 0.10 M,20.0,20.038917,0.03891700000000142,0.03891700000000142,0.1945850000000071,20.5,0.5,0.5,2.5
weak_acid_strong_base,약산-강염기,0.15,약산-강염기 0.15 M,30.0,32.532092,2.5320919999999987,2.5320919999999987,8.440306666666663,29.5,-0.5,0.5,1.6666666666666667
weak_acid_strong_base,약산-강염기,0.2,약산-강염기 0.20 M,40.0,40.403678,0.4036779999999993,0.4036779999999993,1.0091949999999983,40.9,0.8999999999999986,0.8999999999999986,2.2499999999999964
weak_acid_weak_base,약산-약염기,0.1,약산-약염기 0.10 M,20.0,19.885517,-0.11448299999999989,0.11448299999999989,0.5724149999999995,19.9,-0.10000000000000142,0.10000000000000142,0.5000000000000071
weak_acid_weak_base,약산-약염기,0.15,약산-약염기 0.15 M,30.0,29.063169,-0.9368310000000015,0.9368310000000015,3.122770000000005,30.8,0.8000000000000007,0.8000000000000007,2.6666666666666687
weak_acid_weak_base,약산-약염기,0.2,약산-약염기 0.20 M,40.0,39.478713,-0.5212870000000009,0.5212870000000009,1.3032175000000024,39.2,-0.7999999999999972,0.7999999999999972,1.9999999999999927
